,node,degree,closeness,betweenness,community,triangles,clustering
957,958,1723.4999999999843,0.797923322683706,0.0002107986409923,0,195809,0.0299899496585586
984,985,1639.6999999999884,0.8056451612903226,6.432618323065884e-05,0,196214,0.028988008154661
12,13,1638.4999999999889,0.7762237762237763,0.0003238040980191,0,180262,0.031091861557292
9,10,1717.499999999986,0.7649310872894334,0.0010824451706215,0,156665,0.0307299221182778
3,4,1688.3999999999858,0.7427509293680298,0.0005495029654459,0,141355,0.0329153434113707
402,403,1950.3999999999864,0.8175122749590835,0.0012661291886408,0,204482,0.0307817943180924
392,393,1491.6999999999894,0.7539622641509434,0.0001766128185633,0,160312,0.0303135569166776
390,391,1469.399999999988,0.7756211180124224,0.0001192798231319,0,172487,0.0284960043832032
389,390,1557.5999999999888,0.75,0.0003781002110995,0,153493,0.0317423329110497
978,979,1473.9999999999898,0.7130620985010707,0.0004102633027148,0,123275,0.0343932253470252
433,434,1487.8999999999885,0.7361827560795873,6.435961679782656e-05,0,142266,0.0319239971015429
970,971,1417.9999999999943,0.6642287234042553,2.798389571936666e-05,0,88540,0.0445046588117841
969,970,1703.5999999999897,0.76905311778291,0.0005403724174599,0,170823,0.0319716429806587
967,968,1667.1999999999894,0.7780373831775701,7.004332321633592e-05,0,181338,0.0316363765554804
32,33,1468.29999999999,0.7466367713004485,0.0001454694507466,0,159906,0.0317052016430418
31,32,1699.8999999999903,0.7151037938439513,0.000302239447196,0,124091,0.0378513120124705
26,27,1717.9999999999902,0.7100213219616205,0.0010191888615402,0,116497,0.0381570192891565
24,25,1640.1999999999873,0.7192224622030238,0.0004505173175847,0,121737,0.034711782870122
20,21,1481.799999999991,0.670020120724346,0.0002510526558622,0,83326,0.0416071258619783
995,996,1504.9999999999932,0.6786684782608695,0.0003796381551892,0,98746,0.0422903784382727
996,997,1445.1999999999937,0.7455223880597015,7.952412762032e-05,0,153720,0.0316421627620348
476,477,1342.9999999999911,0.7085106382978723,0.0001534600732997,0,125024,0.0339855775277531
475,476,1780.8999999999874,0.8175122749590835,0.0002532592712953,0,207854,0.0296496083070396
472,473,1273.59999999999,0.6961672473867596,0.0001173518207586,0,115512,0.0340314091214494
79,80,1830.7999999999909,0.7516930022573364,0.000125531104155,0,156892,0.035292218893923
76,77,1642.8999999999855,0.7847604084838963,0.0003419919585584,0,178242,0.0292493629704811
72,73,1422.1999999999907,0.728134110787172,0.0001794045214218,0,127089,0.0305680204134281
70,71,1718.7999999999877,0.8037007240547064,0.0003113190487939,0,198296,0.0296109053322695
913,914,1282.6999999999898,0.6782077393075356,0.0,0,106912,0.0384607883911141
912,913,1570.6999999999891,0.7684615384615384,0.0003170696223468,0,169131,0.0303018408726258
910,911,1646.8999999999917,0.837384744341995,0.0007119686812405,0,213805,0.0266265660261248
909,910,1422.9999999999918,0.6814461118690314,0.0001380806324026,0,99356,0.0378275387446559
899,900,1369.799999999993,0.6759133964817321,0.0001891336894676,0,95680,0.0403496555719611
61,62,1615.1999999999873,0.7421991084695394,0.0010852535902636,0,140675,0.0323350113562984
57,58,1570.399999999991,0.7115384615384616,0.000538801039803,0,120525,0.0362220672084778
56,57,1641.2999999999902,0.7372693726937269,0.0004492468420324,0,138283,0.0328147796457842
55,56,1623.1999999999905,0.7239130434782609,0.0006451229675455,0,126543,0.0347766840590657
51,52,1450.6999999999882,0.7750193948797518,0.0002107174451863,0,175459,0.0283426791264372
855,856,1461.9999999999884,0.7505634861006761,0.0002749910899543,0,152328,0.029802991478738
851,852,1733.8999999999894,0.7947494033412887,0.000713137987687,0,192025,0.0304231373229633
98,99,1523.4999999999895,0.7655172413793103,0.0004281168275824,0,172918,0.0309918245941811
96,97,1491.4999999999902,0.7579666160849773,0.000626667638469,0,154421,0.0295160322127195
95,96,1524.9999999999882,0.7878548895899053,0.0004534929050627,0,185673,0.0283575830851268
881,882,1415.8999999999896,0.7350993377483444,0.000567601669806,0,134995,0.0303068035274257
892,893,1576.5999999999897,0.7291970802919708,0.0004307469348662,0,137150,0.0340253402967165
890,891,1530.599999999995,0.7060070671378091,0.0002534264391311,0,121353,0.0372485824788283
471,472,1420.7999999999902,0.6956824512534819,0.0005558999212973,0,102445,0.0356123129704527
468,469,1651.1999999999891,0.785377358490566,0.0002341018373082,0,184505,0.0304371173631603
336,337,1492.1999999999907,0.7477544910179641,0.0001607676958378,0,155649,0.0312364144155018
331,332,1309.4999999999934,0.6576695194206715,0.0004596264449303,0,76933,0.0424780799443838
330,331,1773.9999999999864,0.7591185410334347,0.0013123033330114,0,159033,0.0331925029429181
325,326,1466.6999999999896,0.7460791635548917,0.0003049364216142,0,143556,0.0297553398056968
493,494,1430.999999999991,0.6903939184519696,0.0002223332216652,0,105300,0.0370048698885333
490,491,1603.999999999994,0.6686746987951807,2.2701392106869727e-05,0,89065,0.0462598043612166
489,490,1713.099999999989,0.7829153605015674,0.0006361404824998,0,182707,0.0309339051769339
486,487,1482.299999999989,0.7928571428571428,0.0002624726071619,0,188160,0.0275355348447672
321,322,1612.0999999999876,0.7488755622188905,0.0007031413511039,0,152143,0.0322016957465887
109,110,1537.59999999999,0.7015449438202247,0.0004453351146737,0,112151,0.036987805209511
101,102,1514.1999999999912,0.6875430144528561,0.0003434964690809,0,97331,0.0384537360696486
845,846,1420.099999999991,0.7372693726937269,0.0004092268621326,0,148513,0.0315238305935539
838,839,1490.5999999999913,0.7302631578947368,0.0001973806360357,0,143304,0.0337808495013175
835,836,1453.499999999993,0.6686746987951807,0.0001801066263324,0,83375,0.0417355619472699
865,866,1504.699999999991,0.7947494033412887,2.474083970409956e-05,0,193827,0.0284173587123838
513,514,1544.5999999999894,0.8128559804719284,2.2114784973836405e-05,0,201126,0.0274495334778677
512,513,1722.599999999986,0.7394522575869726,0.0001341354714768,0,149020,0.0357783872255449
502,503,1725.6999999999894,0.8161764705882353,0.000475692793662,0,206297,0.0291425145151142
530,531,1577.8999999999855,0.7878548895899053,2.514204251011198e-05,0,183297,0.0284719414528918
540,541,1683.1999999999866,0.7960159362549801,0.0007339679684369,0,189870,0.0290871983685044
539,540,1504.799999999989,0.7115384615384616,0.0006392832378136,0,114006,0.0337391017073338
536,537,1693.199999999992,0.7884767166535123,0.0004924119653578,0,185863,0.0304620288326638
535,536,1653.199999999987,0.7545317220543807,6.018042090186378e-06,0,153226,0.0323367641196687
533,534,1643.1999999999848,0.8017656500802568,0.0005835829149122,0,188922,0.0282489947378388
305,306,1567.4999999999866,0.7890995260663507,0.0006486780701877,0,179509,0.027445547823659
304,305,1720.39999999999,0.748314606741573,6.770297351459677e-05,0,154859,0.0350678209177074
813,814,1502.799999999991,0.7539622641509434,0.00017795016125,0,160312,0.0305504340747914
130,131,1449.7999999999915,0.697138869504536,0.0007940472202329,0,109617,0.0360679111654804
124,125,1492.799999999991,0.7522590361445783,0.0001284517650583,0,161074,0.0315778234943622
123,124,1901.4999999999884,0.7466367713004485,0.0008502705396492,0,147604,0.036553855342188
122,123,1456.499999999993,0.6908713692946058,4.814433672149103e-05,0,106961,0.0381724617569857
120,121,1747.9999999999895,0.7433035714285714,0.0001662149791742,0,150814,0.0355968567031234
119,120,1434.399999999989,0.7291970802919708,0.0007553311494527,0,130603,0.0312755467153547
118,119,1838.999999999982,0.7585421412300684,0.0001636573112859,0,165061,0.0355238740672596
117,118,1560.6999999999912,0.7859952793076318,0.0001935469203338,0,185997,0.0294852729668255
824,825,1260.2999999999931,0.666,5.917741388683272e-05,0,86798,0.0396297250838429
822,823,1423.799999999993,0.6903939184519696,0.0001665660316294,0,102010,0.0366001063415045
821,822,1448.0999999999935,0.6563731931668857,0.0002422930612643,0,76658,0.0454210506847206
819,820,1609.3999999999935,0.6695710455764075,0.0002834832160149,0,89574,0.0461057483923392
758,759,1401.0999999999924,0.7410979228486647,5.215636478161528e-05,0,149036,0.0311545614062318
756,757,1677.5999999999894,0.8056451612903226,0.0004270135198658,0,198998,0.029280573599704
145,146,1830.199999999992,0.7075070821529745,0.000563506057828,0,118183,0.0408403617808506
135,136,1779.699999999987,0.7608530083777608,0.0011546282421365,0,162999,0.0335039807267876
131,132,1989.899999999986,0.8155102040816327,0.0019248898674416,0,200158,0.0306068512643712
778,779,1733.2999999999877,0.785377358490566,0.0010263603616977,0,176095,0.0296801066054669
771,772,1546.899999999992,0.7145922746781116,0.0011311244444176,0,121919,0.0346519945132342
797,798,1345.2999999999918,0.7105263157894737,0.0002196585362918,0,120837,0.0328858334252875
816,817,1792.3999999999835,0.8366834170854272,0.0004621880206382,0,217766,0.0281857001745709
765,766,1716.59999999999,0.6932685634975712,0.0004770635699159,0,107276,0.0420938135351133
762,763,1480.9999999999898,0.7427509293680298,0.0005912878324367,0,151146,0.0315330299240065
761,762,1578.299999999986,0.7835294117647059,0.0004391164711805,0,171909,0.0278198093062758
422,423,1623.499999999989,0.7477544910179641,0.0011626522982568,0,144319,0.0318639724954149
420,421,1698.1999999999907,0.7738187451587917,0.0002785350480741,0,179258,0.0321951290980732
449,450,1783.09999999999,0.7135714285714285,0.0007799048213209,0,113310,0.0376547630812381
447,448,1383.099999999993,0.7161290322580646,0.0001569705978523,0,122343,0.032912910222179
446,447,1305.39999999999,0.7055084745762712,2.0060140300621263e-06,0,121461,0.0334958555624007
437,438,1642.1999999999864,0.7916006339144216,0.0004150634077153,0,180938,0.0285793635942442
435,436,1861.799999999986,0.7798594847775175,0.0003008018038078,0,176580,0.0332502097542374
362,363,1540.1999999999946,0.6576695194206715,0.0005531583687896,0,79696,0.0477168457945394
360,361,1566.7999999999863,0.7666922486569455,0.0009222315167538,0,156920,0.0287238687687112
463,464,1505.2999999999909,0.7649310872894334,0.0007127033513139,0,171577,0.0301050827806653
303,304,1346.2999999999931,0.6691225720026792,0.0003194768391829,0,87440,0.0399596741030752
300,301,1657.2999999999874,0.7608530083777608,0.0009370314424867,0,153158,0.0303031235872686
296,297,1431.6999999999928,0.7010526315789474,6.37801016335864e-05,0,117929,0.0365266778054094
291,292,1494.3999999999917,0.6976256983240223,0.0002708978660882,0,110428,0.0367547729245638
556,557,1485.09999999999,0.7556732223903178,0.0002800061250295,0,156918,0.0304711246655828
551,552,1746.7999999999884,0.7744186046511627,0.0003573212491048,0,175921,0.0324631993581332
548,549,1450.7999999999925,0.6727272727272727,0.0001869939411689,0,89805,0.0416438689990305
289,290,1708.8999999999892,0.7372693726937269,0.0006449335106649,0,141992,0.0352800974511533
288,289,1748.199999999988,0.8311148086522463,0.0003209622448099,0,214161,0.0280059239197418
166,167,1423.6999999999907,0.7297297297297297,1.598124510616161e-05,0,145920,0.0331364416976129
163,164,1600.599999999988,0.7260174418604651,0.0003386820354088,0,128375,0.0339998349637508
737,738,1680.3999999999887,0.8161764705882353,0.0009440302025472,0,201348,0.0275177057365586
748,749,1653.4999999999875,0.7916006339144216,0.0001580070384345,0,189323,0.0299166811330689
746,747,1376.5999999999924,0.7025316455696202,5.683706418509358e-06,0,113481,0.0348397257400161
744,745,1363.199999999991,0.728134110787172,3.771306376516797e-05,0,139450,0.031538530007306
739,740,1478.499999999991,0.728134110787172,0.0002997653632256,0,131640,0.0320574007715742
160,161,1581.1999999999937,0.6923076923076923,0.0008342009344013,0,102566,0.0389906032624166
283,284,1808.1999999999891,0.7356406480117821,0.0004640937339668,0,141460,0.0373036302090911
277,278,1640.599999999986,0.7516930022573364,0.0015998630561088,0,148478,0.0310057663923252
275,276,1521.8999999999928,0.7105263157894737,0.0001100298695489,0,128996,0.0375706622238354
574,575,1498.0999999999926,0.7202595529920692,0.0003288860002286,0,125383,0.0336789982756095
568,569,1483.3999999999912,0.7505634861006761,0.0001719154023763,0,161623,0.0314796077541396
594,595,1542.3999999999864,0.8222222222222222,0.0002364612919055,0,205623,0.0258993879460054
592,593,1564.3999999999917,0.7212996389891697,0.0003375285773415,0,130684,0.0350449306516338
583,584,1573.599999999988,0.7872340425531915,0.0005859980921214,0,181323,0.0278448038023466
579,580,1451.399999999992,0.676829268292683,0.0001386490030444,0,94838,0.0405527136207043
274,275,1368.1999999999894,0.7115384615384616,0.000505701808307,0,122428,0.032453432424606
273,274,1910.4999999999868,0.7591185410334347,0.0005768627679115,0,161546,0.0357473696204393
608,609,1678.699999999989,0.7556732223903178,0.0006761270288324,0,154078,0.031822439475426
606,607,1914.099999999988,0.7732198142414861,0.0001652955560771,0,176432,0.0341635292331179
188,189,1713.1999999999898,0.7631779984721161,0.0011614041117492,0,155606,0.0306923367244615
185,186,1816.1999999999869,0.8168438266557645,0.0004357062473294,0,203913,0.0295183187732052
181,182,1476.7999999999895,0.7455223880597015,0.0005551309492525,0,155545,0.0315396787167784
179,180,1421.3999999999917,0.7176724137931034,0.0003440982732899,0,123523,0.0328055455627529
722,723,1711.6999999999891,0.7329420396184886,9.37811559054044e-05,0,142513,0.036695549265803
713,714,1400.0999999999894,0.7394522575869726,0.0004984944864704,0,136725,0.02940229125888
711,712,1322.499999999989,0.7207792207792207,0.0005717139985677,0,132592,0.0309327340634584
177,178,1691.0999999999883,0.7324046920821115,0.0009235187090898,0,130908,0.0342575418435991
176,177,1551.19999999999,0.7265454545454545,0.0001237710656548,0,135226,0.0340913636954356
170,171,1611.1999999999891,0.7254901960784313,0.0007031859291934,0,127123,0.0340026216683514
169,170,1513.7999999999938,0.6602775941837409,0.0004754405222007,0,82370,0.0460523519622121
196,197,1242.2999999999925,0.6668891855807744,7.739870799323037e-05,0,82990,0.0379955492317206
686,687,1523.39999999999,0.7637614678899083,2.803643418205876e-05,0,169829,0.0307684848472456
684,685,1335.6999999999905,0.709013484740951,3.4269406346894657e-05,0,122978,0.0330078856266266
676,677,1602.1999999999905,0.7125534950071327,0.0007310249461218,0,125620,0.0368083170414381
675,676,1425.7999999999895,0.7361827560795873,2.0862545912646107e-05,0,146039,0.0317306465354828
703,704,1599.9999999999875,0.7556732223903178,0.0007947493251434,0,162931,0.0318486165880205
700,701,1427.7999999999895,0.7573919636087946,1.831045028551152e-05,0,152295,0.0285179189898869
699,700,1326.1999999999944,0.6691225720026792,0.0001474420312095,0,82400,0.0390667155190561
696,697,1612.1999999999864,0.8056451612903226,0.0004398185760911,0,194269,0.0277340827907341
692,693,1523.3999999999874,0.7732198142414861,1.1367412837018716e-05,0,173255,0.0294058039545092
189,190,1475.1999999999905,0.7444113263785395,4.12904554521121e-05,0,154463,0.0311581999906567
219,220,1583.7999999999909,0.6918282548476454,0.0001424269961344,0,103213,0.0399892578497079
218,219,1351.2999999999936,0.670020120724346,0.0002771642718202,0,93785,0.0411625557966308
217,218,1955.8999999999835,0.76905311778291,0.0006514864898298,0,165840,0.0350360041055458
216,217,1562.5999999999883,0.7276037873270211,9.401519087557832e-05,0,136263,0.0339454095064144
211,212,1501.4999999999886,0.7792511700468019,0.000167067535137,0,175666,0.0285401895200851
667,668,1520.5999999999904,0.7356406480117821,0.0001322631917154,0,146392,0.0336424070706493
661,662,1563.399999999989,0.75,4.236032960147856e-05,0,145384,0.0312320302817172
207,208,1455.7999999999893,0.7732198142414861,0.000233867802338,0,174003,0.0284054454374231
206,207,1598.8999999999892,0.7714285714285715,0.000465729590646,0,168334,0.0304770074329222
605,606,1557.4999999999875,0.7625954198473283,0.000206953780768,0,162702,0.0306207354058754
455,456,1391.39999999999,0.7410979228486647,0.0004327975269859,0,142239,0.029706525396478
453,454,1419.3999999999885,0.7672811059907834,0.0002574384671913,0,166102,0.0280476207365526
354,355,1637.4999999999916,0.7596958174904943,0.0009038955932743,0,163275,0.0318163231726266
350,351,1374.899999999992,0.6990902729181245,0.0004383140655685,0,114436,0.0354419621763198
341,342,1481.5999999999904,0.6961672473867596,0.0003941817569072,0,102731,0.0361803073581437
339,340,1519.59999999999,0.7786438035853468,0.0002874809154034,0,182372,0.0296534266266646
481,482,1465.5999999999888,0.7884767166535123,0.0002291393406957,0,186265,0.0275095820072418
632,633,1438.3999999999903,0.75,7.455685478397568e-05,0,160432,0.031163955877313
628,629,1481.1999999999884,0.7270742358078602,0.0004695410173032,0,125067,0.0315768041034307
241,242,1532.6999999999912,0.7897233201581028,0.0002099150395743,0,188634,0.0290417706849378
229,230,1486.89999999999,0.7444113263785395,0.0001486790731947,0,154237,0.0313913231491427
657,658,1702.199999999988,0.738359201773836,0.0001226677579382,0,139728,0.0350797537662972
654,655,1874.4999999999857,0.7568181818181818,0.0012146414952026,0,161100,0.0345823832514752
644,645,1495.1999999999907,0.7859952793076318,0.0,0,186949,0.0289522750379935
225,226,1460.6999999999912,0.7015449438202247,8.732847744203789e-05,0,113835,0.0360738642980917
222,223,1540.3999999999917,0.7427509293680298,0.0001136072612358,0,146214,0.0323789651301
477,478,1649.4999999999911,0.7522590361445783,0.000264559816998,0,157900,0.0333407308307901
596,597,1299.499999999993,0.6800544588155207,6.218643493192591e-05,0,100814,0.0378306633132937
624,625,1662.6999999999891,0.7511278195488722,0.0006656288887417,0,152167,0.0320180238835441
616,617,1343.7999999999925,0.666,0.0001786522661606,0,85836,0.0402725108845213
615,616,1465.3999999999903,0.7614329268292683,0.0001751807474363,0,155210,0.0291695007509933
248,249,1458.2999999999915,0.675,0.0001796719899592,0,92439,0.0412312889117693
247,248,1580.89999999999,0.7720247295208655,0.0005037960949784,0,175287,0.0303239733538668
246,247,1544.5999999999858,0.7872340425531915,0.0001423935625672,0,181338,0.028079306582176
642,643,1701.2999999999877,0.738359201773836,0.0002424291836449,0,147303,0.035798384001924
639,640,1639.6999999999882,0.7596958174904943,0.0008768621661073,0,161774,0.0309665063303452
636,637,1444.1999999999907,0.7551020408163265,0.0001518552620757,0,160314,0.030284212071915
924,925,1567.3999999999912,0.7125534950071327,0.000506585409725,0,124992,0.0359627778833157
922,923,1688.7999999999886,0.7556732223903178,0.0002474083970409,0,165550,0.0340654452469539
919,920,1580.9999999999916,0.6875430144528561,0.0005549972149838,0,106709,0.0416118977712104
918,919,1458.0999999999897,0.7798594847775175,0.0003574382665899,0,181021,0.0284339227276763
384,385,1556.099999999988,0.7551020408163265,0.0025059127263536,0,155126,0.0292398461341359
382,383,1339.099999999993,0.6923076923076923,0.00016349014345,0,109722,0.0358684434537901
378,379,1622.599999999989,0.7192224622030238,0.0004712461292287,0,123874,0.0344812760701767
375,376,1523.2999999999868,0.7334801762114538,0.000420259939298,0,140183,0.0324311025287403
374,375,1440.099999999992,0.697138869504536,0.0006557994199944,0,105506,0.0357943762850455
990,991,1653.699999999992,0.7738187451587917,0.0001191739501692,0,172286,0.0307927614966242
372,373,1552.0999999999874,0.7455223880597015,0.0013575699948445,0,146471,0.0307260841620053
917,918,1537.3999999999912,0.785377358490566,0.0001265014736401,0,185098,0.029257128893506
942,943,1598.799999999988,0.7780373831775701,0.0008341675008341,0,176735,0.0295597222408615
939,940,1278.8999999999887,0.7207792207792207,0.0,0,132590,0.0304937822195134
936,937,1637.1999999999864,0.7934868943606036,0.0007020046098202,0,180163,0.0285230351954414
935,936,1585.4999999999925,0.6795918367346939,0.0005270801863988,0,94795,0.0425110217538517
934,935,1626.4999999999895,0.8208709942481512,0.0002247890691444,0,205369,0.027333198812546
932,933,1434.2999999999895,0.7608530083777608,3.360073500354061e-05,0,165362,0.0293374302916207
44,45,1441.799999999993,0.7207792207792207,0.0008318271511324,0,123419,0.0322730964454988
958,959,1602.299999999988,0.7816901408450704,0.0001152502822509,0,176405,0.029921534597015
991,992,1366.199999999994,0.6677807486631016,0.0003967561415791,0,87599,0.0404934995641373
37,38,951.7999999999964,0.7202595529920692,0.0001040452610258,1,129015,0.0210053000962171
48,49,1097.8999999999949,0.7438570364854803,0.0005331650956233,1,151482,0.0217443253840706
937,938,967.0999999999988,0.7095170454545454,0.0003704439242181,1,118702,0.0208176179491301
425,426,926.0999999999956,0.7270742358078602,0.0002963885729416,1,134483,0.0191405586190756
431,432,956.9999999999968,0.7045133991537377,3.739783298901535e-05,1,118486,0.02060047993091
404,405,1121.1999999999969,0.7708333333333334,0.000927647754635,1,167861,0.0199314786195661
409,410,1100.399999999995,0.808252427184466,0.0004606811220037,1,192691,0.0185580661972848
412,413,1137.099999999995,0.7696456086286595,0.0001731858779286,1,171114,0.0213772658161592
416,417,1164.899999999995,0.8024096385542169,0.0004861431715139,1,194242,0.020237008484226
921,922,994.6999999999956,0.6842465753424658,0.0007126030506124,1,93451,0.0220560417941515
973,974,807.5999999999977,0.6791298436437797,0.0001945355986772,1,100113,0.0205305357613426
635,636,1136.399999999993,0.7494373593398349,0.0002528771733848,1,157932,0.0217198787605703
244,245,896.9999999999986,0.647020725388601,0.0004744223181096,1,74855,0.0254503314476795
595,596,903.9999999999984,0.644932214331827,0.0003005677688376,1,68299,0.0253694892005645
599,600,980.7999999999964,0.7156160458452722,0.000516949815547,1,127534,0.0218464926944933
480,481,961.1999999999978,0.635092180546726,0.0004530248351223,1,58956,0.0280309417429654
220,221,965.6999999999956,0.7065063649222065,0.0001003007015031,1,122149,0.0210188927392294
643,644,988.4999999999958,0.777431906614786,0.0001589766118824,1,170540,0.0178569873156904
649,650,1172.899999999993,0.833889816360601,0.0005331985291905,1,216423,0.0190630935210116
651,652,1099.0999999999965,0.7909738717339667,0.0004070536802667,1,181476,0.0199732944229367
653,654,883.0999999999983,0.6976256983240223,0.0001818953221758,1,117016,0.0217313769831802
629,630,869.9999999999984,0.6330798479087453,0.0002440650403242,1,58928,0.0271342293329656
631,632,838.2999999999982,0.6021699819168174,0.0001568034300165,1,38809,0.0334721227257962
482,483,814.0999999999985,0.655511811023622,0.0002397186765924,1,73145,0.0223693478036754
344,345,1107.8999999999946,0.764345830145371,9.513760348763688e-05,1,167646,0.021088797436772
346,347,928.199999999997,0.6550819672131147,0.0001496820802098,1,71399,0.0238811301810822
349,350,989.1999999999967,0.6800544588155207,0.0003334998324978,1,97142,0.0235673580183538
351,352,1225.2999999999947,0.7427509293680298,0.0007092596938956,1,149045,0.0239847650124723
353,354,1200.2999999999918,0.7556732223903178,0.0007255943795689,1,141473,0.0207836749120216
600,601,844.4999999999981,0.6880165289256198,0.0004160329811632,1,97451,0.0194088785982599
601,602,813.1999999999981,0.6259398496240601,0.0003702767563823,1,53400,0.0266206044832576
666,667,917.099999999996,0.7270742358078602,8.40854214267708e-05,1,126703,0.0191264938487643
668,669,1079.2999999999925,0.7726218097447796,3.6830931954512455e-05,1,163356,0.0190775960382507
669,670,916.9999999999968,0.7625954198473283,0.000329153468766,1,164732,0.0180905959160395
674,675,800.0999999999975,0.6594059405940594,2.4406504032422536e-05,1,77750,0.0214572357838784
212,213,955.199999999996,0.7631779984721161,0.0002470740613693,1,165443,0.0188007518339793
213,214,1113.3999999999942,0.7166427546628408,0.000453359170794,1,125866,0.022706747951372
215,216,932.5999999999964,0.7427509293680298,0.0002571041315196,1,142659,0.018335014112192
694,695,882.2999999999957,0.7568181818181818,0.000196589374946,1,157721,0.0174496525211781
705,706,928.499999999998,0.7030260380014075,0.000297057244285,1,113575,0.0209037073166356
689,690,876.1999999999981,0.6809815950920245,0.0003487121055591,1,96904,0.0216587540461434
201,202,1104.9999999999968,0.781078967943706,0.0001055497715484,1,178498,0.0205589906338864
203,204,1056.3999999999958,0.7573919636087946,0.0003433293012451,1,161806,0.0206454199312592
708,709,810.9999999999985,0.6624668435013262,8.024056120248505e-05,1,78982,0.0218038682837308
712,713,1096.199999999997,0.7649310872894334,0.0006271802864989,1,166856,0.0211624766908758
716,717,1054.5999999999965,0.7545317220543807,0.0001088931282652,1,161007,0.0210612607550984
721,722,1044.4999999999975,0.6814461118690314,0.0001725172065853,1,101466,0.0253984482914773
183,184,1278.5999999999929,0.7249637155297532,0.0010991285206382,1,132876,0.0247494013377977
268,269,808.1999999999983,0.6461836998706338,3.276489582434806e-05,1,74984,0.0247400440048162
564,565,1102.199999999994,0.7637614678899083,0.0003760798683978,1,167693,0.0207454783617109
565,566,859.0999999999966,0.7115384615384616,0.0006292197340961,1,124842,0.0190428025602449
767,768,1122.499999999994,0.7573919636087946,6.732087560410875e-05,1,163600,0.0216802897003297
768,769,1096.1999999999955,0.7928571428571428,0.0004174539077678,1,183662,0.0193625362299844
742,743,1155.999999999994,0.7792511700468019,0.0002047805989021,1,178056,0.0215322302893998
754,755,1166.299999999994,0.7947494033412887,0.0002630615523067,1,189861,0.0208829560726392
725,726,920.1999999999967,0.6809815950920245,0.0004092602956998,1,94099,0.0221830110162823
736,737,1107.5999999999935,0.7661042944785276,0.0008945341944673,1,160839,0.0196643183559566
738,739,1045.5999999999958,0.7455223880597015,0.0003423119655584,1,155834,0.0209071452478365
167,168,974.8999999999968,0.75,0.0001944161930801,1,157787,0.0199420036782549
285,286,1031.6999999999962,0.7334801762114538,0.0001317282546407,1,139894,0.0208482864097405
549,550,911.599999999998,0.7197406340057637,8.28149458743981e-05,1,134843,0.0207307757916994
554,555,987.3999999999966,0.7228654124457308,0.0001705780596896,1,133573,0.0212448576657276
555,556,1120.6999999999916,0.8269867549668874,0.0003889389326931,1,205095,0.0183002448155841
558,559,1040.9999999999975,0.7239130434782609,0.0006059499713474,1,131669,0.0213185357582678
562,563,1090.3999999999944,0.7539622641509434,0.0003105978389879,1,162560,0.0217118419027633
298,299,982.1999999999956,0.7756211180124224,0.0001529585697922,1,170670,0.0181053605467969
464,465,933.0999999999964,0.7416481069042317,7.221650508223655e-05,1,151542,0.0195783832550201
367,368,797.6999999999982,0.6445161290322581,2.7081189405838704e-05,1,74062,0.0248755067023658
441,442,1127.599999999993,0.7661042944785276,0.0007716801637977,1,162564,0.0204054748825319
775,776,1108.9999999999952,0.7324046920821115,0.0005796377539864,1,139739,0.0222492588772273
776,777,831.6999999999981,0.6537958115183246,0.0003433627348123,1,74216,0.0224447288887281
786,787,826.099999999998,0.655511811023622,0.0002478764669813,1,77947,0.0229119921140789
134,135,1044.4999999999966,0.6956824512534819,0.0005896009570024,1,103460,0.0228706326252276
139,140,1198.2999999999918,0.7065063649222065,0.0001646125560621,1,106549,0.0246170519154128
755,756,921.599999999998,0.6620278330019881,0.000287695845478,1,84063,0.0238089984786796
460,461,1024.899999999997,0.6894409937888198,0.0002401198793984,1,107769,0.0242570217888192
823,824,843.4999999999982,0.6495448634590377,4.861240666183886e-05,1,70388,0.0241043635139065
805,806,991.7999999999946,0.7318681318681318,9.668987624899447e-05,1,131625,0.0197053985394228
812,813,1216.199999999994,0.6861263736263736,0.0007080417568059,1,95630,0.0268351137758662
534,535,1151.7999999999945,0.6682274247491639,0.0006160516848559,1,84919,0.0283207072805213
499,500,932.8999999999986,0.6913494809688582,0.0002763618662082,1,103163,0.0220197941162196
503,504,905.1999999999964,0.76905311778291,2.0060140300621263e-06,1,163705,0.017465400917493
309,310,922.3999999999952,0.7161290322580646,8.821685508392254e-05,1,117268,0.0189807397261606
314,315,1091.6999999999946,0.7696456086286595,0.0002651281876398,1,171837,0.0202782974324533
857,858,818.7999999999998,0.6204968944099379,0.000195586367931,1,51268,0.0281134653781477
866,867,1200.5999999999926,0.8037007240547064,0.0008409401862975,1,192904,0.0199231986589378
842,843,1221.9999999999918,0.7941176470588235,0.0008511183193881,1,180909,0.0200981367522862
846,847,890.9999999999965,0.7166427546628408,4.28618331089941e-05,1,120167,0.0192540165588582
849,850,1013.1999999999956,0.6814461118690314,0.0003256429442134,1,105399,0.0247180021507964
850,851,1062.1999999999937,0.7197406340057637,0.0014236012900007,1,130109,0.0201293542626806
102,103,913.0999999999964,0.6568047337278107,0.0003493807769024,1,74847,0.0239065296862052
107,108,1047.7999999999945,0.6833105335157319,0.0009678889104406,1,99286,0.0243411065697132
110,111,1200.0999999999945,0.7884767166535123,0.0014345340664645,1,187484,0.0210013269959309
114,115,1076.299999999992,0.7573919636087946,0.0005444193486945,1,154815,0.0195959726053142
320,321,1070.8999999999958,0.6828434723171565,7.372101560478314e-05,1,99805,0.0258108649391214
497,498,1107.9999999999943,0.8089068825910931,0.0007866440732172,1,198918,0.0195286491090006
498,499,1016.399999999998,0.709013484740951,0.0003711125955614,1,118841,0.0220731453632173
327,328,989.6999999999975,0.6990902729181245,0.0001594781153899,1,112892,0.0224713499749589
333,334,925.7999999999968,0.6956824512534819,7.673003664987634e-05,1,110427,0.0219268924039127
80,81,1025.7999999999956,0.7421991084695394,0.0012935447137183,1,143938,0.0193081102182423
82,83,923.7999999999972,0.675,0.0001907385006917,1,88890,0.0223085044134998
885,886,1223.399999999994,0.7666922486569455,0.0003976922814598,1,168175,0.0217723108974148
868,869,1063.5999999999954,0.7511278195488722,7.118006450003778e-05,1,156042,0.0206279123292149
875,876,912.4999999999968,0.6403846153846153,0.0004058835054159,1,65063,0.0246284373782799
882,883,1050.8999999999935,0.7573919636087946,0.0002946165938817,1,153256,0.0193332131466645
97,98,885.7999999999984,0.6677807486631016,0.0001425941639702,1,90125,0.0235871568233939
852,853,933.7999999999964,0.6691225720026792,0.0002187223964111,1,82204,0.023062970605021
926,927,974.1999999999948,0.6932685634975712,0.0001960878714385,1,104978,0.0223014243449944
62,63,1059.1999999999955,0.6865979381443299,0.0001797054235263,1,102588,0.024917781483989
473,474,1095.1999999999946,0.7313323572474377,0.0005311256480261,1,138604,0.021879169685516
21,22,1027.8999999999987,0.7161290322580646,0.000632797125783,1,121922,0.0213741214876939
964,965,966.5999999999966,0.6842465753424658,0.000323770664452,1,94657,0.022365833332172
951,952,916.3999999999974,0.7125534950071327,0.0001088262611308,1,134103,0.0216791829829943
396,397,980.8999999999968,0.7000700770847933,0.0001245066041325,1,106588,0.0216127288367674
398,399,945.3999999999972,0.7792511700468019,8.207940739670868e-05,1,171894,0.0176144240808352
399,400,936.5999999999972,0.7324046920821115,0.0001006350371747,1,149360,0.0212129580352955
11,12,1049.9999999999948,0.708008504606662,0.0003846531902644,1,117863,0.0220205155073312
925,926,1189.2999999999938,0.7438570364854803,0.0006465717554561,1,145069,0.02264771352001
982,983,523.8000000000022,0.6629064366290643,4.914734373652209e-05,2,84661,0.0165909832853719
401,402,637.8,0.640795381654907,0.0005426936622661,2,58642,0.016451198350728
997,998,645.2,0.7334801762114538,4.847867239316805e-05,2,139407,0.0151409299990635
328,329,818.2999999999981,0.6533682145192936,0.00034988228041,2,77963,0.0225907105822588
485,486,590.9000000000021,0.7356406480117821,9.361398806956587e-06,2,146654,0.0153056627085275
316,317,519.2000000000021,0.6363057324840764,9.99663658314293e-05,2,56592,0.0151631983840241
294,295,710.9999999999998,0.6054545454545455,0.000126211716058,2,42907,0.0277659253663239
560,561,754.9999999999969,0.7438570364854803,0.0005036432558142,2,143445,0.0153533078537297
287,288,644.5000000000015,0.7212996389891697,0.0002313602848004,2,134774,0.0159514879390277
572,573,882.2999999999953,0.6986013986013986,0.0004576243387198,2,105700,0.0186888042407429
585,586,471.8000000000032,0.6651131824234354,5.583405717006252e-05,2,84766,0.0139720987297588
267,268,585.2000000000018,0.6359007001909611,1.3540594702919352e-05,2,66348,0.0203211937984235
457,458,561.3000000000022,0.6709200805910007,8.692727463602547e-05,2,86862,0.0159592372215738
257,258,665.0000000000011,0.7070063694267515,0.0003462045880215,2,117718,0.0155026537586935
243,244,663.4999999999999,0.6894409937888198,0.0012943996577931,2,102863,0.0156366810755792
637,638,730.8999999999996,0.7416481069042317,0.000706350973552,2,143715,0.0154052690898251
236,237,506.0000000000019,0.6363057324840764,0.000121029513147,2,62058,0.0167275067093746
226,227,847.2999999999981,0.8256198347107438,0.0002666995652967,2,206509,0.0157118510052789
209,210,574.1000000000022,0.7015449438202247,0.0001237041985204,2,110439,0.0140887619785762
679,680,679.0999999999996,0.69375,0.000831158479789,2,104373,0.0165892362567612
678,679,461.3000000000034,0.6664442961974649,4.709356746764896e-05,2,86481,0.0134669126878191
182,183,752.6999999999986,0.7181883537023724,0.0002831488803432,2,125943,0.0167696523762942
715,716,659.8000000000002,0.7780373831775701,0.0001257770796848,2,176846,0.0150246779161385
714,715,574.5000000000024,0.6763710223425863,0.0005748901874486,2,93407,0.0153203471258902
730,731,673.7000000000002,0.7223427331887202,0.000218321193605,2,124474,0.0150341565574929
726,727,690.0999999999996,0.597488038277512,6.335660978279549e-05,2,38188,0.0287616662863729
752,753,657.3999999999994,0.718705035971223,0.000250417418086,2,119990,0.0144814802880082
151,152,597.1000000000016,0.6861263736263736,0.0005755588587919,2,96823,0.0142919870251332
443,444,798.4999999999962,0.6947148817802503,0.0004080232537146,2,105328,0.0187024233296301
356,357,518.2000000000039,0.7244379985496737,0.0004814433672149,2,131232,0.0132797228214545
138,139,758.6999999999997,0.7276037873270211,0.0006901436538488,2,131938,0.0163265738686195
800,801,603.6000000000013,0.6651131824234354,0.0003635900429487,2,83988,0.0164429709187246
799,800,720.2000000000004,0.7151037938439513,0.0003868932392646,2,122920,0.0165398171752552
833,834,866.5999999999976,0.842327150084317,8.655950539718078e-05,2,215885,0.015426459923074
847,848,536.9000000000027,0.6908713692946058,2.375693758459289e-05,2,103868,0.0147134966172034
876,877,758.8999999999978,0.8222222222222222,0.0011312916122535,2,200069,0.0137314835469111
884,885,478.4000000000024,0.644932214331827,0.0001815442697206,2,70659,0.0160949829107035
81,82,799.499999999997,0.7291970802919708,0.0003542286441418,2,141271,0.0181896663039141
900,901,538.9000000000015,0.6342857142857142,0.0001277162265806,2,59853,0.0177847567654794
929,930,532.4000000000021,0.6602775941837409,9.027063135279567e-05,2,75504,0.0146378135554878
923,924,793.2999999999978,0.6537958115183246,0.0002884146671721,2,79055,0.0222679792946325
413,414,866.3999999999983,0.6602775941837409,0.0003898019596082,2,82095,0.0238404445256803
410,411,514.9000000000023,0.6367112810707457,4.680699403478295e-05,2,63593,0.0164951471546253
373,374,700.2999999999993,0.6894409937888198,0.0002066863122307,2,101968,0.016267936095081
962,963,1031.2999999999956,0.8030546623794212,0.0004236367295819,2,189279,0.0183062481017673
959,960,524.8000000000029,0.6976256983240223,0.0001397523107609,2,103594,0.0134733508111368
956,957,801.1999999999991,0.797923322683706,0.0002080236549174,2,191997,0.0164508953966681
0,1,1005.0999999999974,0.6731805929919138,0.0003510524552608,3,87489,0.0240477378718032
993,994,1047.4999999999943,0.7378138847858198,0.0003216309161532,3,138926,0.0201949023130613
992,993,1072.5999999999951,0.830423940149626,0.00012876077227,3,209478,0.0179095728267273
7,8,960.8999999999952,0.7125534950071327,0.0007519209256016,3,122100,0.0199497472831358
25,26,929.5999999999948,0.7239130434782609,0.000654127741636,3,128943,0.0186444116501862
405,406,871.2999999999982,0.6371173469387755,0.0002324970260842,3,60945,0.0261977968550489
386,387,925.1999999999956,0.738905325443787,5.065185425906869e-05,3,141604,0.0183773521371395
381,382,1077.6999999999953,0.764345830145371,0.0001215310166545,3,166946,0.0204504325283891
371,372,1055.399999999995,0.7438570364854803,0.0001846394075296,3,146566,0.020492151552211
933,934,921.6999999999978,0.6474400518470512,0.0002881973489855,3,66535,0.0250202844448926
931,932,1073.099999999995,0.7318681318681318,0.0001406550170745,3,138783,0.0214159889955073
45,46,1011.7999999999954,0.7125534950071327,0.0003874950434736,3,118165,0.0213454719991157
41,42,915.899999999996,0.6668891855807744,0.0007588416740053,3,79529,0.0219608870766497
40,41,895.499999999997,0.6568047337278107,0.0002032912854556,3,78579,0.0241997265039898
58,59,1116.8999999999935,0.7010526315789474,0.0002333662988305,3,105828,0.0236273229836744
660,661,1058.1999999999946,0.7579666160849773,0.0001968902770505,3,157851,0.0200481086445426
659,660,1142.9999999999943,0.7960159362549801,0.0002939479225384,3,186859,0.019837968328219
245,246,1035.199999999996,0.7916006339144216,0.0004804069266327,3,184809,0.0185641906739963
237,238,1360.3999999999917,0.8030546623794212,0.0006026035752154,3,190646,0.0224454651834086
687,688,967.6999999999956,0.6913494809688582,0.0002841853209254,3,102865,0.0218747498246015
681,682,754.499999999999,0.6159062885326757,4.613832269142891e-05,3,46308,0.0268516713901321
706,707,985.3999999999966,0.6611515552614163,0.000872616103077,3,77379,0.0238243062457034
618,619,1005.3999999999965,0.7156160458452722,0.0003487789726934,3,128058,0.0217883530933801
617,618,919.6999999999946,0.6913494809688582,0.0003492693316785,3,95320,0.0196202048631912
251,252,1179.4999999999957,0.6828434723171565,0.00070177057485,3,94559,0.0269863014121524
250,251,842.0999999999981,0.6204968944099379,0.0002075221514099,3,48796,0.0278663046986668
432,433,1053.7999999999952,0.7372693726937269,0.0003663315954565,3,141424,0.0207590829849155
428,429,1113.6999999999948,0.7947494033412887,0.0002595113483557,3,184290,0.0195332710101232
427,428,897.5999999999966,0.6786684782608695,0.0003854890294436,3,90285,0.0216175700486864
426,427,1074.4999999999957,0.6908713692946058,0.0004242719673581,3,100278,0.0226474936129746
914,915,1395.7999999999931,0.709013484740951,0.0005358397809967,3,113900,0.0290187742005777
911,912,1261.0999999999906,0.7297297297297297,0.0004604136534664,3,134304,0.02452085197219
610,611,1308.999999999994,0.6889655172413793,0.000226694782473,3,106448,0.0305097513722567
609,610,987.5999999999972,0.6620278330019881,0.0007434622331081,3,78456,0.0243135234992395
604,605,1064.8999999999965,0.7075070821529745,0.0003686719451582,3,116777,0.0231042374479781
621,622,1056.1999999999953,0.709013484740951,0.0006666653293239,3,114931,0.0213316055466938
202,203,849.4999999999984,0.6072948328267477,0.0003308251471244,3,41065,0.0313936222571117
200,201,1032.8999999999955,0.6691225720026792,0.0004747566537813,3,81236,0.0238222365724286
199,200,1031.4999999999948,0.7762237762237763,0.0004204939742681,3,170077,0.0186150462335072
903,904,1106.6999999999966,0.6271186440677966,0.0004763948985725,3,53970,0.0350256094539571
439,440,937.199999999998,0.6664442961974649,7.756587582906889e-05,3,85124,0.0248346331398583
438,439,1073.799999999995,0.78046875,0.0003326639933186,3,171931,0.0191371853631742
370,371,1059.8999999999965,0.6745442268737339,0.0005825241852852,3,84764,0.0236200457630273
369,370,978.999999999996,0.6976256983240223,0.000206351976559,3,106789,0.0208244504029931
891,892,790.8999999999979,0.6441005802707931,6.3523777618634e-06,3,65559,0.0232739638768571
459,460,1428.0999999999888,0.7625954198473283,0.0003207950769741,3,165260,0.0259622588555486
747,748,983.6999999999964,0.6837782340862423,6.853881269378933e-05,3,96348,0.0234518305782537
586,587,1153.299999999992,0.7916006339144216,0.0008395026876434,3,177892,0.0185722743490712
270,271,1159.099999999995,0.6642287234042553,0.0008756585576892,3,82527,0.0288016230954918
157,158,1059.899999999997,0.6903939184519696,5.120198840973726e-05,3,109720,0.0252816987528095
154,155,959.1999999999966,0.6814461118690314,0.0006126701183481,3,97415,0.0229511694160006
153,154,1144.599999999993,0.7249637155297532,0.0011456011790013,3,126102,0.0213624772922464
589,590,1229.9999999999948,0.797923322683706,0.0012746547482686,3,185246,0.0199328134141533
164,165,915.8999999999984,0.6162862430598396,0.0002309256484273,3,45871,0.0303853588985936
731,732,939.7999999999972,0.7202595529920692,2.039447597229828e-05,3,127368,0.0205353411349213
348,349,1050.2999999999947,0.7471952131637996,9.346201730971273e-05,3,150962,0.0206849952448094
347,348,807.8999999999979,0.6110091743119266,0.0002149778368883,3,42491,0.0296859424938581
880,881,1169.4999999999934,0.78046875,7.62285331423608e-05,3,181831,0.0208072290549133
869,870,910.5999999999964,0.7085106382978723,0.0004994974934854,3,113893,0.0192821814663006
858,859,897.9999999999955,0.7015449438202247,0.0005531583687896,3,106364,0.0193151865372172
856,857,918.1999999999962,0.68707015130674,0.0004027073165349,3,98692,0.021205913611796
86,87,1184.299999999993,0.6795918367346939,0.0003594108470527,3,92622,0.026942262766175
479,480,867.0999999999963,0.6602775941837409,1.855562977807467e-05,3,80089,0.0232588713176433
557,558,919.7999999999972,0.6651131824234354,0.0007689720448571,3,80632,0.0225413863587663
553,554,890.4999999999976,0.7176724137931034,7.221650508223655e-05,3,132855,0.0200003279116496
552,553,867.6999999999977,0.624765478424015,0.0004811090315432,3,51508,0.0268734030103712
279,280,1070.599999999997,0.6731805929919138,0.0005248067038314,3,88437,0.0261177708486629
147,148,1025.6999999999955,0.7655172413793103,0.0004867927379617,3,160575,0.0185699496691868
770,771,876.4999999999983,0.6189591078066915,0.0007836828144109,3,45476,0.027731268977974
766,767,1222.099999999992,0.7156160458452722,0.0008017703742486,3,120367,0.0240822176136251
745,746,1022.799999999996,0.7060070671378091,0.0005390159698776,3,122419,0.0223190079006938
332,333,886.1999999999977,0.6777476255088195,0.0002345364736814,3,95463,0.0225878889413857
104,105,1072.8999999999962,0.7040169133192389,0.0002947837617176,3,104995,0.0211751912715314
494,495,1299.2999999999895,0.777431906614786,0.0005028408502022,3,171202,0.0218385739401388
772,773,995.1999999999964,0.7260174418604651,0.0004426604293003,3,122870,0.0192837596345067
544,545,777.0999999999996,0.5842105263157895,5.315937179664634e-05,3,27348,0.0391627519264629
543,544,867.2999999999978,0.6302839116719243,9.796035180136716e-05,3,55216,0.0268828486915488
299,300,948.1999999999946,0.6913494809688582,0.0010324285541386,3,106623,0.0209198870246312
559,560,1049.4999999999957,0.7000700770847933,0.0005348367739817,3,102791,0.0210392300050497
815,816,929.3999999999968,0.7449664429530202,0.0001445302714507,3,150756,0.0192374780705601
527,528,1117.799999999993,0.7947494033412887,0.000162487136435,3,187743,0.0197364817397707
523,524,1116.699999999994,0.738905325443787,0.0006298549718723,3,134051,0.0206822992114945
520,521,1040.599999999996,0.8011226944667201,0.0002670784790579,3,184128,0.0178280202428724
516,517,1044.9999999999964,0.7197406340057637,0.0001628214721067,3,126384,0.0223200642099151
136,137,1036.7999999999952,0.7239130434782609,0.0001858571998852,3,133674,0.0219677636091238
784,785,1035.6999999999966,0.7302631578947368,0.0002083579905891,3,139094,0.0218064695883402
484,485,971.1999999999966,0.6986013986013986,0.0002398858444282,3,106178,0.0212641447592855
319,320,873.5999999999968,0.67182246133154,0.000111739034028,3,88463,0.022409556731301
315,316,1100.0999999999951,0.718705035971223,0.0007539269396316,3,130218,0.0228430788914228
834,835,878.0999999999974,0.6651131824234354,0.0001006350371747,3,86638,0.0230781917546047
831,832,1448.4999999999898,0.753393665158371,0.0017610351389019,3,151345,0.025340095856927
829,830,1026.4999999999948,0.7922283901665345,0.0002220323195607,3,182907,0.0179116954063819
108,109,813.8999999999979,0.621268656716418,0.0001103307716534,3,50170,0.0274594855679274
808,809,994.9999999999952,0.7726218097447796,0.0004342017368069,3,165846,0.0178052758788012
807,808,950.4999999999944,0.7539622641509434,7.004332321633592e-05,3,150969,0.0176245964825939
806,807,1027.4999999999957,0.7916006339144216,0.0003880634141155,3,177443,0.0176578877779766
126,127,1224.999999999994,0.7176724137931034,0.0003473747628724,3,122828,0.024724042767631
509,510,821.0999999999975,0.6491228070175439,1.2036084180372757e-05,3,68019,0.0233044898602099
505,506,1394.0999999999888,0.7477544910179641,0.0009977913785529,3,150352,0.0242433450304683
504,505,857.899999999997,0.7000700770847933,0.0001084919254591,3,106840,0.0189211625125459
500,501,969.7999999999962,0.7394522575869726,0.0004188748343724,3,137985,0.0186706358237531
529,530,984.3999999999962,0.7050105857445307,0.0003550644833209,3,105984,0.0200003592260987
795,796,1138.8999999999965,0.627906976744186,0.000141758324791,3,56472,0.0375040872794185
794,795,1019.099999999998,0.6837782340862423,0.0002775543301038,3,97285,0.0240817143065258
791,792,957.7999999999968,0.6795918367346939,0.0002599125511617,3,91950,0.0229536998612346
34,35,949.9999999999968,0.6646706586826348,0.0001385821359101,3,84273,0.0233037846322666
395,396,1012.0999999999976,0.7161290322580646,0.0003075888179428,3,128071,0.0217246186967459
394,395,920.8999999999965,0.7070063694267515,5.640242781191345e-05,3,107552,0.0190674962366706
953,954,967.5999999999972,0.781078967943706,1.3707762538757865e-05,3,173450,0.0180116677428126
949,950,1007.7999999999956,0.723388848660391,0.0002116344801715,3,128275,0.0207967403276463
948,949,1332.7999999999909,0.8840707964601769,0.0012723143985669,3,246342,0.0191356159901002
976,977,959.5999999999976,0.7340191036002939,0.0002349933990993,3,141277,0.020177937892688
655,656,1225.6999999999891,0.7602739726027398,0.0002536493295789,3,159059,0.0217747911225022
648,649,1171.3999999999935,0.7130620985010707,0.0011227660526257,3,118588,0.0233179173127608
224,225,1013.5999999999964,0.708008504606662,0.0002604474882363,3,114411,0.0214112397468453
223,224,937.1999999999972,0.6598414795244386,0.0011668314941528,3,79772,0.0231302426528628
987,988,906.5999999999968,0.655511811023622,9.929769448807524e-05,3,74184,0.0255753703635985
985,986,1105.1999999999962,0.7405485544848036,0.0007964210035018,3,140181,0.0208623203559817
981,982,987.0999999999968,0.7433035714285714,0.0004541950099732,3,148040,0.0196328517212551
979,980,1104.0999999999924,0.7841444270015698,0.0001801734934667,3,172166,0.0189575659319143
971,972,930.2999999999946,0.7223427331887202,0.0003492136090666,3,124427,0.0184899362509405
963,964,1174.6999999999914,0.7340191036002939,0.0002562682923404,4,142980,0.0239863239518812
966,967,1081.099999999994,0.6884906960716747,0.0005165486127409,4,98617,0.0253439947017143
18,19,1177.8999999999924,0.7244379985496737,0.0003855081343391,4,123757,0.023531088575122
986,987,1478.1999999999894,0.7244379985496737,0.0009732511402518,4,133819,0.0293645583713162
2,3,1497.999999999991,0.7585421412300684,0.0012207264044271,4,154379,0.0269932313800005
647,648,1128.5999999999935,0.7786438035853468,0.0002807416635071,4,171891,0.0207348092239168
652,653,1232.0999999999915,0.7528259231348907,7.689720448571483e-05,4,151100,0.0232640555453523
408,409,1166.6999999999923,0.7684615384615384,0.0004140747293719,4,158122,0.0209317955725425
411,412,1185.4999999999957,0.6923076923076923,0.0003154648111227,4,106134,0.028524394555231
977,978,1025.0999999999965,0.6823770491803278,0.0002226675573368,4,95011,0.0258496498368747
960,961,1325.3999999999933,0.8181818181818182,0.0004971237102165,4,204561,0.0221944200757946
961,962,1061.099999999994,0.7249637155297532,0.0002403873479357,4,131844,0.0225441476396461
35,36,1096.4999999999914,0.7181883537023724,0.0002537607748028,4,127438,0.0231348776517463
388,389,1383.3999999999908,0.8168438266557645,0.000777129835246,4,200748,0.022109192214524
391,392,1098.599999999995,0.6542239685658153,0.0002851883279404,4,74971,0.0316242471185249
397,398,1206.699999999992,0.7992,0.0001166831494152,4,189452,0.0212651249940669
790,791,1059.8999999999944,0.6918282548476454,0.0003614168610828,4,98375,0.0250060660208516
801,802,958.2999999999986,0.5971309025702332,4.14576232879506e-05,4,35519,0.0467218652587381
508,509,1340.9999999999911,0.702037947997189,0.0004243388344924,4,108248,0.0289423902410582
510,511,1325.799999999991,0.7878548895899053,0.0001435637374181,4,181055,0.023149456171735
511,512,1268.699999999992,0.7661042944785276,0.0011552969134799,4,162576,0.0229165768307456
514,515,1059.499999999996,0.6568047337278107,0.0004072208481026,4,75665,0.0301275339212307
125,126,1274.7999999999945,0.6851851851851852,0.0005570032290139,4,98202,0.0305813135997132
803,804,1537.4999999999868,0.7972865123703112,0.0003571373644853,4,186948,0.0252905884045243
111,112,1260.7999999999936,0.7897233201581028,0.0004795042203191,4,182070,0.0220673127551754
826,827,959.599999999997,0.627906976744186,0.00010765608628,4,55385,0.0336122396624581
483,484,1026.299999999995,0.6754563894523327,0.0001959207036027,4,87840,0.0262623834003396
487,488,1526.8999999999874,0.7866141732283465,0.0006891326864606,4,176355,0.0251376254664069
492,493,1053.1999999999948,0.6837782340862423,0.0004963547381717,4,94740,0.0249779524389084
785,786,1108.699999999993,0.7010526315789474,0.0001930788503934,4,106392,0.0243037791256508
133,134,1455.6999999999875,0.7897233201581028,0.00063500851744,4,182575,0.0245453345170125
545,546,1362.6999999999896,0.8049959709911362,0.001426242541807,4,190437,0.0214905504358412
517,518,1069.4999999999957,0.6722745625841184,0.0003181203916006,4,89154,0.0282628942245815
518,519,943.0999999999988,0.6091463414634146,1.0030070150310631e-06,4,47883,0.0422175177857415
525,526,1134.8999999999965,0.6903939184519696,0.00013657612188,4,100969,0.0265566411406825
528,529,1239.1999999999916,0.7960159362549801,0.0001491137095679,4,184599,0.0216586690197629
817,818,1026.0999999999983,0.6065573770491803,0.0008003995979947,4,44924,0.0432319456819221
818,819,1194.499999999995,0.7254901960784313,0.0004493471427339,4,128677,0.0248259571938986
561,562,1166.4999999999936,0.6986013986013986,0.000408410127849,4,109419,0.0262035838111429
292,293,1149.399999999994,0.7455223880597015,0.0003132247621225,4,156746,0.0234834018013877
293,294,1189.399999999994,0.7181883537023724,0.0004157464077303,4,119470,0.0248541377064893
297,298,1197.7999999999945,0.697138869504536,0.000282513642567,4,105544,0.0278092075175332
538,539,1211.5999999999935,0.721820809248555,0.0001211966809829,4,124748,0.0250976576445743
542,543,1756.799999999988,0.8017656500802568,0.0021017868713259,4,191347,0.0267603497824706
774,775,1119.6999999999928,0.6607142857142857,0.0002175378928885,4,87123,0.030242513457929
777,778,1132.399999999996,0.6216552582451773,0.0004403200795986,4,50148,0.0395950694767057
779,780,999.1999999999936,0.7045133991537377,0.0001327503665513,4,114458,0.0226979753437949
780,781,1154.2999999999934,0.723388848660391,0.0004941481227386,4,132949,0.0244701891466925
782,783,1171.8999999999944,0.6673346693386774,0.0008617501937475,4,80857,0.0291494740530113
861,862,1330.299999999991,0.8228995057660626,0.0002277876693374,4,204338,0.0218985607123894
863,864,1142.899999999993,0.7410979228486647,1.4042098210434884e-05,4,142216,0.0226102149992314
864,865,1195.8999999999933,0.7350993377483444,0.0008452674451338,4,133314,0.0231766156952161
836,837,1061.1999999999948,0.6837782340862423,5.115335776658422e-05,4,95488,0.0259978203314923
837,838,1229.499999999992,0.7318681318681318,0.0002539279426386,4,129651,0.0239906858310881
839,840,1242.999999999991,0.728134110787172,0.0001621528007633,4,129621,0.025350245491206
841,842,1130.2999999999936,0.7010526315789474,0.0001057169393842,4,110622,0.0253595918201625
843,844,1065.0999999999951,0.7035211267605633,0.000199884969424,4,116935,0.0251150552082829
99,100,1040.4999999999968,0.6875430144528561,2.240049000236041e-05,4,100932,0.0258025111038404
326,327,1028.699999999997,0.6682274247491639,0.0002161480117391,4,80063,0.0266019145163891
329,330,1362.3999999999912,0.6913494809688582,5.984608523018678e-05,4,104606,0.031433473780942
335,336,1055.899999999996,0.6673346693386774,0.0004337002332994,4,81447,0.0280111113839252
338,339,1191.399999999994,0.6875430144528561,0.0003904228687127,4,97267,0.0278006843951294
159,160,1291.7999999999925,0.7750193948797518,4.44188820942328e-05,4,172810,0.0237758636185003
743,744,1196.5999999999906,0.7768273716951789,0.0004676353039746,4,163960,0.0205359335526563
146,147,1306.799999999993,0.7318681318681318,0.0008634218721059,4,140965,0.0268265911877371
764,765,1036.9999999999973,0.640795381654907,0.0002624535022664,4,65780,0.0336219888575379
148,149,1351.0999999999929,0.7367256637168141,0.000701689379044,4,143443,0.0269838361725969
280,281,1277.499999999992,0.7145922746781116,0.0003108318739581,4,117400,0.0268411812927606
282,283,1219.7999999999947,0.7903481012658228,1.939146895726722e-05,4,182757,0.0216214619395528
550,551,1338.5999999999897,0.7941176470588235,0.0009387031208451,4,177676,0.0214123649416083
469,470,1085.5999999999967,0.6346886912325286,0.000226679585397,4,57802,0.0343219100164641
85,86,1213.7999999999915,0.7780373831775701,0.0009398844402184,4,171205,0.0212945883450265
93,94,1102.3999999999924,0.7060070671378091,0.0001781006123023,4,111470,0.0245650689789257
854,855,1078.699999999995,0.6833105335157319,0.0004660639263177,4,96022,0.0260171746924549
860,861,1198.4999999999936,0.7545317220543807,0.0002148106690524,4,150094,0.0226345123297971
878,879,1006.9999999999968,0.6466019417475728,9.428265941291992e-06,4,66967,0.0314185233343451
452,453,980.2999999999976,0.6147692307692307,0.0001297222406106,4,47341,0.0380758686464169
454,455,1207.1999999999932,0.7015449438202247,0.0004396514082552,4,107395,0.026637538298384
727,728,1293.1999999999944,0.7181883537023724,0.0002830151460745,4,124813,0.0274561558601848
732,733,1407.5999999999929,0.6805177111716622,0.000959142174907,4,95237,0.0335520280072488
591,592,1471.999999999991,0.7361827560795873,0.0004197441071188,4,143270,0.028926721571899
567,568,1077.999999999997,0.6416184971098265,0.0003808083300401,4,64170,0.0328929053306598
573,574,1480.5999999999922,0.8135179153094463,0.0001552989194939,4,200451,0.0240173177728628
576,577,1156.5999999999926,0.7421991084695394,0.0005805261316283,4,139040,0.022025597181628
578,579,1021.5999999999964,0.6457659987071752,0.0002886988524931,4,69437,0.0308466241702657
149,150,1078.299999999996,0.6956824512534819,5.015035075155316e-07,4,105444,0.0260870315511574
155,156,1066.399999999997,0.7015449438202247,3.243056015267104e-05,4,111821,0.024819081414339
156,157,1114.3999999999935,0.7055084745762712,0.0003328980282888,4,109403,0.0245655653700729
698,699,1009.099999999997,0.6445161290322581,0.0,4,72103,0.0326787580714789
701,702,1197.399999999994,0.6777476255088195,0.0008882295789443,4,90181,0.0277805037391353
702,703,1318.0999999999951,0.6267252195734002,0.0003344885108412,4,58535,0.0458709583090497
704,705,1152.9999999999932,0.7254901960784313,0.0006298072096335,4,124252,0.0230732945204959
171,172,1136.599999999995,0.7334801762114538,4.0788951944596565e-05,4,132005,0.02361707255918
172,173,1165.999999999995,0.6782077393075356,0.0006438859255603,4,92954,0.0286031590885213
173,174,1251.3999999999926,0.8011226944667201,0.0002708118940583,4,188108,0.0212397495853829
174,175,970.3999999999968,0.6546526867627785,0.0002166495152467,4,71923,0.0278229844114297
178,179,1184.5999999999908,0.8075990299110751,0.0005250264101299,4,188105,0.0196777885589401
709,710,1144.0999999999938,0.7522590361445783,2.7869266346220253e-05,4,151610,0.0227261694701272
180,181,1015.1999999999956,0.6691225720026792,0.0006006340341677,4,81572,0.0261905574696916
265,266,1419.8999999999933,0.728134110787172,0.000345903685917,4,136780,0.0291148028872362
582,583,1179.6999999999955,0.7562452687358062,0.0001023735826675,4,158904,0.0229672073217621
456,457,1171.999999999993,0.7270742358078602,7.138066590304401e-05,4,126873,0.0237425381617452
883,884,1168.3999999999949,0.6800544588155207,0.0004111325754612,4,93536,0.0283310572483768
895,896,1309.2999999999925,0.7372693726937269,0.0001741888849437,4,142421,0.0257410470566812
366,367,1408.1999999999937,0.8181818181818182,0.0009424110626515,4,204083,0.0227768479116891
368,369,1449.199999999988,0.7291970802919708,0.0011316784863879,4,139362,0.0281259643700778
440,441,1666.599999999992,0.830423940149626,0.0010722813662025,4,211124,0.0253093523786004
65,66,1069.899999999995,0.7095170454545454,0.0002801732928653,4,118271,0.0239590391134478
901,902,1425.199999999991,0.7313323572474377,0.0002030277247378,4,136490,0.028567038810053
904,905,994.699999999996,0.6786684782608695,0.0001253758768788,4,87926,0.0248539138595845
620,621,1022.8999999999968,0.641206675224647,8.692727463602546e-06,4,63669,0.0318128250781351
622,623,1025.3999999999955,0.6731805929919138,0.0002106314731565,4,94298,0.0267173991364738
623,624,1210.7999999999945,0.7394522575869726,0.0003657632248146,4,144646,0.0242351550626728
626,627,1170.0999999999945,0.7708333333333334,0.0002138745291717,4,164969,0.0213945385084909
259,260,1161.8999999999903,0.7816901408450704,0.0003394175738865,4,170814,0.0204873383248966
187,188,1182.0999999999938,0.7176724137931034,0.0007320279531368,4,117174,0.0242703023734799
191,192,1008.999999999996,0.6899171270718232,2.340349701739147e-06,4,104404,0.0246587597615398
192,193,1226.2999999999922,0.7329420396184886,0.0001258630517147,4,129832,0.0239542892485416
695,696,1330.1999999999894,0.738359201773836,0.0009335989295909,4,134471,0.0240866617433956
67,68,1117.099999999996,0.6576695194206715,0.0001425941639702,4,76510,0.0315564397661502
68,69,1132.1999999999937,0.7762237762237763,9.846185530888268e-05,4,163575,0.0203870380641236
445,446,1545.7999999999845,0.8011226944667201,0.0003696080850389,4,185416,0.0247055130571951
448,449,1205.4999999999889,0.7922283901665345,0.0009300215379039,4,177802,0.0202502538191959
419,420,1003.5999999999976,0.6342857142857142,9.343249156208408e-05,4,57416,0.0326278689833025
423,424,1181.8999999999912,0.7488755622188905,0.0006070532790639,4,143885,0.0219648520500032
943,944,1389.0999999999904,0.7055084745762712,0.000489954598171,4,112314,0.0300019407646702
945,946,1449.8999999999864,0.7361827560795873,0.0004973099829479,4,136946,0.0273242836760996
946,947,1376.2999999999893,0.721820809248555,0.0001431625346121,4,121211,0.027475402201555
915,916,1103.7999999999938,0.6927877947295423,0.0003635900429487,4,103935,0.0253409866356904
662,663,1170.7999999999945,0.7161290322580646,0.0001695750526745,4,117888,0.024301514676036
671,672,1206.9999999999934,0.6740890688259109,0.0006145089645423,4,88702,0.0300346404679843
673,674,1402.5999999999904,0.799839871897518,0.0011094929264601,4,187387,0.022876772158765
221,222,1151.199999999992,0.7738187451587917,0.000291994446971,4,169191,0.0211782294307786
249,250,1443.5999999999894,0.7816901408450704,0.0004964884724403,4,171568,0.0241603871637566
255,256,1158.2999999999945,0.7345588235294118,0.0003401865459313,4,134219,0.0231776328607742
256,257,1212.2999999999945,0.6942321056289089,0.0003542620777089,4,102967,0.0279495899470766
612,613,1432.8999999999892,0.7573919636087946,0.0002268801868,4,154839,0.0261718573685786
614,615,1161.5999999999915,0.7511278195488722,0.000593111481555,4,141745,0.0215669777253987
658,659,1256.7999999999909,0.7270742358078602,0.000436928960643,4,132639,0.024858001608599
230,231,1612.4999999999905,0.7684615384615384,0.0007060023092087,4,169045,0.0278368837945644
232,233,1496.199999999989,0.7551020408163265,0.0008573035293142,4,146851,0.0267280554861947
234,235,1234.3999999999917,0.7620137299771167,0.0011467713538521,4,157330,0.0219120661877724
239,240,1137.1999999999955,0.6445161290322581,0.0005160471092334,4,63306,0.0331693540584962
242,243,954.8999999999976,0.6143911439114391,0.0001628214721067,4,43873,0.0377719589418036
630,631,1156.5999999999945,0.7176724137931034,0.0003262781819896,4,122272,0.0247866458656014
634,635,1131.2999999999968,0.7265454545454545,4.0454616272919546e-05,4,137906,0.0251057093869307
638,639,1416.4999999999925,0.7786438035853468,0.0003360742171697,4,171589,0.024684240860235
641,642,1154.5999999999935,0.7120456165359943,0.0001835502837506,4,116629,0.0241371261679379
208,209,1070.6999999999944,0.697138869504536,0.0004175852539245,4,102361,0.0242861945958028
210,211,1023.999999999995,0.6961672473867596,0.0001885653188258,4,109162,0.0241546824255498
54,55,1177.9999999999934,0.6722745625841184,0.0005347699068473,4,87932,0.0290042797922977
60,61,1414.5999999999913,0.7297297297297297,0.0001631080455395,4,139018,0.0285517043396838
39,40,1138.799999999995,0.68707015130674,0.0003176188880931,4,99131,0.0278782305400818
380,381,1215.799999999995,0.7602739726027398,0.000595117495585,4,159681,0.0228426308185695
383,384,1356.399999999994,0.7941176470588235,0.0002704775583867,4,186376,0.0234353048929916
403,404,1217.5999999999926,0.7726218097447796,0.0004065521767592,4,160159,0.0212202799102204
4,5,1051.499999999997,0.6516634050880626,6.36909454544725e-05,4,70236,0.0303687473374744
19,20,1278.1999999999894,0.7488755622188905,0.0007012213091037,4,148991,0.0232682516856644
6,7,1330.5999999999929,0.6908713692946058,0.0002034098226482,4,101062,0.0303905259786749
980,981,1388.799999999993,0.708008504606662,2.7768965644717145e-05,5,113766,0.0337553544602843
983,984,1500.999999999994,0.7340191036002939,0.0001153458067285,5,136041,0.0320540014176664
988,989,1621.299999999987,0.7756211180124224,0.0007606805201995,5,164053,0.0287491511083137
650,651,1518.0999999999938,0.7702390131071704,0.0007470730583623,5,169402,0.0290853794453939
228,229,1493.3999999999917,0.7313323572474377,0.0007024392461934,5,134754,0.0314289160188483
231,232,1543.7999999999904,0.7573919636087946,0.0004757596607964,5,150378,0.0295255302106039
233,234,1613.4999999999882,0.764345830145371,0.0003786351481742,5,152924,0.0297674331264066
235,236,1525.5999999999945,0.6814461118690314,0.0002592629847138,5,95789,0.0402501942890575
238,239,1730.0999999999894,0.7161290322580646,0.0006368091538432,5,119090,0.0378767138375107
633,634,1349.5999999999929,0.697138869504536,8.742877814354101e-05,5,105397,0.0339849246683605
50,51,1499.4999999999889,0.7265454545454545,0.0005302563752797,5,125279,0.031857294827672
941,942,1683.0999999999844,0.7768273716951789,0.0009385359530093,5,174221,0.0298834795108458
376,377,1403.999999999994,0.6800544588155207,0.0003559194273957,5,94588,0.0389284423654217
377,378,1632.1999999999846,0.8387909319899244,0.0001860003641344,5,211304,0.0254327596353177
406,407,1557.399999999989,0.7060070671378091,0.0004738396187961,5,112466,0.035538713856781
414,415,1298.7999999999902,0.7151037938439513,1.1033077165341692e-05,5,121659,0.0305520826579349
975,976,1422.2999999999909,0.7025316455696202,0.0004020386451916,5,109247,0.0337260303339245
947,948,1510.699999999991,0.6923076923076923,0.0005434626343109,5,102702,0.0376539885856558
950,951,1376.199999999994,0.6533682145192936,0.0002151602018001,5,75768,0.0443523520107875
204,205,1634.1999999999884,0.8128559804719284,0.0003964089468431,5,198318,0.0274338698794458
205,206,1294.3999999999926,0.7223427331887202,1.2036084180372757e-05,5,131693,0.0299816474011293
664,665,1686.4999999999898,0.7085106382978723,0.0009708104898485,5,117078,0.0379016233872184
665,666,1394.4999999999957,0.67182246133154,0.0001013037085181,5,92138,0.0417615666006842
252,253,1444.0999999999929,0.6745442268737339,0.0001079904219516,5,89707,0.0408168581288924
253,254,1408.499999999986,0.7684615384615384,9.969889729408766e-05,5,162314,0.0270317964516095
254,255,1946.3999999999849,0.829045643153527,0.0021622490894367,5,205693,0.029054249432229
258,259,1649.69999999999,0.7433035714285714,0.0010388477990348,5,146853,0.0331780109684507
611,612,1358.7999999999936,0.6777476255088195,0.0001815442697206,5,95488,0.0390695423870099
613,614,1810.7999999999845,0.7934868943606036,0.0004270420547418,5,177926,0.0305506560962293
619,620,1414.09999999999,0.7666922486569455,2.4559343196617745e-05,5,166391,0.0283605046516978
434,435,1548.0999999999856,0.7941176470588235,9.796035180136716e-05,5,181223,0.027235877767971
944,945,1564.0999999999858,0.7878548895899053,0.0004272809884032,5,179872,0.0272118261255959
928,929,1456.399999999987,0.7786438035853468,0.0007166150786725,5,169126,0.0267674736651545
53,54,1818.4999999999916,0.7786438035853468,0.0006221986849909,5,171318,0.0321721449063858
59,60,1476.0999999999897,0.7455223880597015,0.0002575578727883,5,140878,0.0297331493896843
38,39,1385.5999999999915,0.7202595529920692,0.0001959207036027,5,123111,0.0311359913237221
46,47,1601.099999999984,0.7878548895899053,0.0011113986397887,5,177675,0.0274480609174925
47,48,1688.7999999999856,0.8545765611633875,0.0011851196553935,5,227239,0.0257095016625023
49,50,1595.899999999988,0.7286652078774617,0.0003931787498921,5,131155,0.0324708482493291
677,678,1433.0999999999942,0.7045133991537377,0.0002663995315965,5,110410,0.0345802264424861
680,681,1461.7999999999909,0.7291970802919708,0.0002424825181449,5,135906,0.0316154676045143
682,683,1567.4999999999905,0.7085106382978723,0.0003023063143303,5,115477,0.0349708381658292
685,686,1558.399999999987,0.7762237762237763,0.0002561011245045,5,166866,0.0278627882456174
688,689,1493.9999999999918,0.7471952131637996,0.0004401752008075,5,146546,0.0304864722537452
690,691,1435.6999999999862,0.8195242001640689,0.0001269185971924,5,200340,0.0241949948152453
197,198,1493.7999999999918,0.7505634861006761,0.000748529806646,5,154954,0.0300836589871934
198,199,1296.699999999994,0.6379310344827587,9.027063135279567e-05,5,65225,0.0491584883258071
597,598,1824.3999999999849,0.8256198347107438,0.0009372599051957,5,205035,0.0284098904809923
603,604,1721.7999999999893,0.8155102040816327,0.0006825462737286,5,199757,0.0285400422302391
260,261,1784.7999999999904,0.7756211180124224,0.0005401192775942,5,171608,0.0323829202702655
184,185,1547.1999999999907,0.7511278195488722,0.0003543958119776,5,152863,0.0310475238472054
186,187,1511.699999999991,0.7631779984721161,0.0003236369301833,5,154857,0.0287558018858984
190,191,1455.1999999999907,0.7356406480117821,0.0003153454055257,5,137496,0.0313057817171416
693,694,1418.899999999991,0.7156160458452722,0.0002454023830109,5,118776,0.0321163042488113
697,698,1360.0999999999929,0.6884906960716747,0.0003268799861986,5,100407,0.0356738757121842
165,166,1623.399999999987,0.7816901408450704,0.0010539932049618,5,174489,0.0283493258458325
168,169,1378.3999999999949,0.7045133991537377,7.689720448571483e-06,5,119985,0.0349408211225459
175,176,1524.0999999999888,0.7505634861006761,0.00021731818659,5,152780,0.0299804009590101
718,719,1421.699999999992,0.7055084745762712,0.0002051149345738,5,114136,0.0346464433391652
436,437,1471.7999999999868,0.7762237762237763,0.0008376780253867,5,167814,0.0272029887897416
63,64,1449.2999999999904,0.7244379985496737,0.0004680699403478,5,126813,0.0317107054141065
66,67,1537.0999999999924,0.6677807486631016,0.0002151450047241,5,85894,0.0435121933576744
902,903,1463.199999999992,0.718705035971223,0.00018045615908,5,125215,0.0330126876319439
905,906,1331.0999999999929,0.6682274247491639,1.2437286986385183e-05,5,86608,0.0400934222389993
908,909,1591.1999999999896,0.7539622641509434,0.0005985165749138,5,157647,0.0315727446202569
442,443,1426.1999999999923,0.6894409937888198,0.000323971265855,5,102021,0.0367366499665161
421,422,1350.5999999999951,0.647020725388601,0.0002577728028629,5,69687,0.0458552202173049
424,425,1438.3999999999908,0.7841444270015698,4.386484012402516e-05,5,179574,0.0272837718732378
429,430,1548.8999999999903,0.7602739726027398,0.0001987625568119,5,159717,0.0305244965810983
430,431,1465.499999999993,0.6651131824234354,0.000662285532025,5,83501,0.0431281999548943
719,720,1634.9999999999864,0.8188524590163935,0.0002065860115292,5,198199,0.0264069541668536
720,721,1631.2999999999886,0.753393665158371,0.0011389144655677,5,149721,0.0303923036760533
262,263,1417.899999999992,0.7579666160849773,4.776223881100302e-05,5,158964,0.0290741049757432
266,267,1460.1999999999896,0.738359201773836,0.0002140416970076,5,142451,0.0308891427646723
580,581,1316.2999999999915,0.6777476255088195,8.024056120248505e-06,5,92812,0.0372492805141922
581,582,1381.7999999999952,0.6363057324840764,5.5337329886428086e-05,5,61151,0.05083907293742
584,585,1383.5999999999915,0.6576695194206715,0.000541289452445,5,79665,0.0432069572284068
587,588,1462.4999999999911,0.7291970802919708,0.0008405389834915,5,129077,0.0315082215694482
749,750,1538.4999999999886,0.7947494033412887,0.0001987147945731,5,176934,0.0265448529183578
886,887,1535.7999999999909,0.7350993377483444,0.0003928444142204,5,138347,0.0328679835937499
887,888,1435.099999999992,0.728134110787172,0.0001006350371747,5,134757,0.0318393040957926
888,889,1434.999999999991,0.781078967943706,1.076560862800008e-05,5,171975,0.0268091976413396
889,890,1418.3999999999933,0.6851851851851852,0.0004366280585385,5,99849,0.0375760952266432
893,894,1394.399999999991,0.7065063649222065,0.0003476613363052,5,111487,0.0335848449406676
894,895,1438.999999999991,0.6837782340862423,0.0002066194450963,5,99009,0.0378510140144454
355,356,1454.1999999999944,0.67182246133154,0.000535104242519,5,85914,0.0400884764980087
357,358,1567.9999999999852,0.8011226944667201,0.0005746767269813,5,184854,0.0264600293263085
359,360,1280.399999999995,0.6314791403286979,0.0004616698003471,5,60146,0.0508027541894401
361,362,1404.3999999999917,0.7466367713004485,7.723154015739186e-05,5,143968,0.0289753226377105
364,365,1518.199999999989,0.7878548895899053,0.001019757232182,5,173657,0.0266447325805785
753,754,1733.4999999999866,0.7708333333333334,0.0004517209260028,5,164790,0.0319314440482899
723,724,1431.5999999999935,0.6947148817802503,0.0005217308156519,5,109026,0.0355621039307683
728,729,1521.0999999999926,0.6686746987951807,0.0007627868349311,5,88605,0.0423902455180985
729,730,1443.6999999999907,0.7829153605015674,0.0003667662318296,5,175139,0.0266747459038822
733,734,1557.299999999991,0.781078967943706,0.0004101295684462,5,173774,0.0285058245497351
734,735,1613.9999999999895,0.7966507177033493,0.0017856017188014,5,188819,0.0276170920124817
735,736,1625.4999999999873,0.7522590361445783,7.194903654489493e-05,5,144477,0.0316139167195385
588,589,1616.6999999999873,0.7792511700468019,0.000291875041374,5,170110,0.0285380861341955
590,591,1533.9999999999914,0.7050105857445307,0.0006083906217506,5,113076,0.0349780382535175
563,564,1354.8999999999908,0.7085106382978723,0.0001360746183725,5,114339,0.031704057823515
566,567,1327.7999999999936,0.6951983298538622,0.0003149442027197,5,109262,0.0345327344142994
569,570,1464.599999999989,0.7928571428571428,0.0004894674233351,5,179303,0.0262533156717116
570,571,1360.2999999999952,0.6823770491803278,2.323632918155296e-05,5,100699,0.0370386403328748
575,576,1229.5999999999967,0.6166666666666667,9.327965239788888e-05,5,51975,0.0583858768721807
577,578,1253.199999999994,0.6563731931668857,6.904031620130483e-05,5,77993,0.0413537576364396
150,151,1864.2999999999852,0.8030546623794212,0.0006684578828867,5,192164,0.0310673785428178
152,153,1388.7999999999931,0.7202595529920692,0.0001462718563586,5,129012,0.0319312297020844
161,162,1625.099999999987,0.8128559804719284,0.0002319477603378,5,195003,0.0273642504028255
162,163,1621.799999999987,0.829045643153527,0.0002461919295586,5,208526,0.0262265207232157
740,741,1428.9999999999895,0.7356406480117821,0.0003663204509341,5,132576,0.0301247552260388
140,141,1449.1999999999884,0.7477544910179641,0.0001716813674061,5,143601,0.0291022794774328
141,142,1498.1999999999896,0.7714285714285715,0.0005045125285606,5,158814,0.0277483622178659
143,144,1636.7999999999893,0.7947494033412887,0.000896353935766,5,187130,0.0281754653016846
144,145,1441.9999999999936,0.6563731931668857,0.0001721828709136,5,80798,0.0448771703332744
757,758,1298.0999999999924,0.6777476255088195,0.0001872279761391,5,87244,0.0361282149895768
759,760,1425.4999999999918,0.6908713692946058,0.0006061505727504,5,102462,0.0363078387855512
760,761,1402.2999999999934,0.7000700770847933,0.0001323969259841,5,107278,0.033947224791624
763,764,1394.4999999999964,0.6745442268737339,0.0005126034518152,5,89979,0.0398645631946169
276,277,1648.8999999999887,0.7568181818181818,0.0003107650068237,5,155161,0.0316831413437432
278,279,1507.4999999999927,0.7015449438202247,0.0002006014030062,5,111165,0.0354673224982956
281,282,1572.899999999988,0.8095623987034035,0.0002970906778522,5,195816,0.0268747017450568
284,285,1601.499999999985,0.797923322683706,0.0005359400816982,5,182535,0.0266013098554534
286,287,1367.1999999999932,0.6722745625841184,6.619846299205017e-05,5,86812,0.0395267371240192
290,291,1425.7999999999922,0.7135714285714285,0.0002903705308514,5,117478,0.0333063767135562
547,548,1433.5999999999876,0.7750193948797518,8.843178515857206e-05,5,166931,0.027063040204894
295,296,1588.999999999986,0.7661042944785276,0.000587929278644,5,156360,0.0286297498517043
306,307,1647.299999999988,0.7085106382978723,0.0003946498268475,5,113577,0.0377138749445996
531,532,1511.4999999999884,0.7637614678899083,0.0013913044641167,5,161506,0.0284996004616013
532,533,1548.6999999999937,0.6942321056289089,0.0005382661027283,5,106459,0.0381890319813036
773,774,1439.5999999999924,0.670020120724346,0.0003427609306032,5,85358,0.0405664934694909
781,782,1618.2999999999884,0.7702390131071704,0.0012243372296812,5,166814,0.0296668068576573
783,784,1531.3999999999864,0.7702390131071704,0.0001633229756142,5,169697,0.0286638946339213
132,133,1607.8999999999885,0.7350993377483444,0.0016880608062972,5,132094,0.0322672911755993
546,547,1493.5999999999858,0.8155102040816327,0.0008006224884425,5,194586,0.0250048202365192
515,516,1543.9999999999882,0.7829153605015674,0.0001503029893143,5,178143,0.0282363189150129
519,520,1467.8999999999935,0.6759133964817321,0.0001913068713335,5,89084,0.0400805968906227
521,522,1417.7999999999904,0.7672811059907834,4.702988448256762e-05,5,166563,0.0281923921447642
522,523,1488.9999999999916,0.666,0.0006542471472331,5,82085,0.0418647794927564
524,525,1367.799999999995,0.6607142857142857,0.0001223668558337,5,84175,0.0440319027668904
526,527,1579.1999999999928,0.76905311778291,0.0002973103841507,5,168741,0.0306873893752735
84,85,1571.3999999999892,0.7738187451587917,0.0007616835272145,5,163877,0.0283095213378648
342,343,1529.9999999999895,0.7556732223903178,0.00072868459642,5,155481,0.0300058350083569
343,344,1366.6999999999928,0.6664442961974649,0.0001056500722499,5,84933,0.0411529296967837
451,452,1447.1999999999912,0.7756211180124224,0.0003650945534713,5,165754,0.0268730257714322
458,459,1515.6999999999905,0.7361827560795873,0.0002513201243996,5,133835,0.0312110186931384
461,462,1555.3999999999892,0.7661042944785276,0.0011350250272539,5,164834,0.0294695301990163
462,463,1374.299999999993,0.6884906960716747,8.042292611430888e-05,5,99639,0.0366786360035691
465,466,1256.2999999999909,0.6903939184519696,0.0,5,111186,0.0342699256250717
466,467,1350.599999999993,0.6981132075471698,1.7452322061540497e-05,5,109483,0.0348517787919333
71,72,1508.499999999991,0.7345588235294118,0.0007459568915814,5,145232,0.0322360200551147
73,74,1462.1999999999894,0.7202595529920692,0.0003960206031014,5,122487,0.0328050443778342
74,75,1418.599999999994,0.6731805929919138,0.0005108649063224,5,87905,0.0395218905011398
814,815,1528.0999999999913,0.6961672473867596,0.0001402538142685,5,106975,0.036497736624916
787,788,1367.4999999999918,0.6961672473867596,4.098955334760278e-05,5,106990,0.0342243314167373
789,790,1338.4999999999914,0.6856554564172959,0.0001618184650916,5,96654,0.0353006172254122
792,793,1358.999999999992,0.6814461118690314,0.0001457703528511,5,94388,0.037470897812352
793,794,1527.9999999999875,0.8056451612903226,0.0005758931944636,5,190223,0.0261271075305626
506,507,1542.199999999988,0.7410979228486647,0.0011841389374232,5,138862,0.0302952362486444
507,508,1446.9999999999914,0.7135714285714285,0.0004001663654302,5,119933,0.0336260248104668
92,93,1851.5999999999904,0.7708333333333334,0.0002694076842373,5,168509,0.0339282738355193
94,95,1569.299999999988,0.723388848660391,0.000577966075628,5,125707,0.0328853854419698
853,854,1401.6999999999912,0.7340191036002939,8.993629568111867e-05,5,134141,0.0306232049723052
896,897,1471.5999999999883,0.7708333333333334,8.892214414369836e-05,5,161412,0.0277432133971431
870,871,1395.4999999999925,0.6682274247491639,0.0006860567982812,5,85497,0.0409638503877806
871,872,1311.1999999999948,0.670020120724346,0.0001116681143401,5,86284,0.0385548092395591
872,873,1389.899999999992,0.7035211267605633,0.0002917635961501,5,113462,0.0334443116253466
873,874,1510.4999999999898,0.7545317220543807,0.0004282919557913,5,152141,0.0298063262394548
874,875,1396.1999999999905,0.7161290322580646,0.0004065856103264,5,120610,0.0314837255126069
877,878,1568.4999999999902,0.738905325443787,0.0004261442471195,5,137822,0.0323536120358934
879,880,1379.7999999999902,0.7449664429530202,0.0002618516980574,5,149689,0.0290339332133825
83,84,1279.399999999994,0.6371173469387755,0.0001774207964366,5,62620,0.0487317251880281
116,117,1561.3999999999892,0.7223427331887202,0.0004142418972078,5,125219,0.0329276241919057
121,122,1473.199999999989,0.8208709942481512,0.0001100824080115,5,203894,0.0248700677323476
129,130,1415.5999999999938,0.7085106382978723,0.000667668336339,5,116536,0.033642376312884
804,805,1607.2999999999895,0.7324046920821115,0.0002937138875682,5,132350,0.0334633026821019
810,811,1276.2999999999972,0.6193428394296342,4.998318291571468e-05,5,53263,0.0576664364159729
811,812,1402.2999999999906,0.7405485544848036,7.801961709777342e-05,5,142679,0.0299086318054986
105,106,1441.4999999999898,0.7356406480117821,0.0004882303813499,5,140118,0.0304777990643747
820,821,1322.2999999999918,0.68707015130674,5.951174955850976e-05,5,98426,0.0355077362753979
827,828,1533.2999999999884,0.826302729528536,0.0004073880159384,5,206789,0.024709277420654
828,829,1527.3999999999858,0.7934868943606036,0.0002128046550224,5,182090,0.0268469459723445
830,831,1525.399999999992,0.6942321056289089,0.0006765153725741,5,109633,0.0377776595334778
832,833,1239.0999999999958,0.6338832487309645,0.0002515875929369,5,60938,0.0484853954960751
312,313,1500.599999999988,0.7367256637168141,0.0011650595150929,5,135700,0.0303692023034183
318,319,1397.799999999992,0.7035211267605633,0.0002395515087565,5,111842,0.034479198163475
322,323,1643.499999999989,0.7050105857445307,0.0004653952549744,5,106401,0.0374442416925407
488,489,1595.6999999999898,0.7100213219616205,0.0005300892074439,5,116290,0.0350809898204377
491,492,1565.299999999991,0.7684615384615384,0.0010735518417549,5,165332,0.0296804860047799
495,496,1514.199999999992,0.7015449438202247,0.0001671678358385,5,107970,0.0361216932549521
862,863,1351.8999999999944,0.6499674690956408,0.000211252382261,5,71433,0.045515058766735
840,841,1508.4999999999895,0.8075990299110751,0.0002525905999519,5,194321,0.0261737679901396
844,845,1420.399999999992,0.7202595529920692,1.7719790598882118e-05,5,134905,0.03312618960069
103,104,1490.299999999993,0.708008504606662,0.0002965557407775,5,116499,0.0354291589374174
323,324,1613.2999999999845,0.8283582089552238,0.0010989613528023,5,205188,0.0253040755198228
324,325,1450.7999999999922,0.6903939184519696,0.0003455359166782,5,100744,0.0367273272496977
334,335,1348.499999999994,0.6629064366290643,0.0002644595162965,5,82200,0.0413952775291391
467,468,1555.2999999999922,0.6713709677419355,0.0006128372861839,5,87396,0.0427934993056213
470,471,1643.8999999999903,0.7756211180124224,0.0002562125697284,5,169110,0.0297265339314379
478,479,1690.1999999999855,0.8256198347107438,0.0002080793775293,5,203414,0.0270790493725589
87,88,1590.3999999999876,0.7522590361445783,0.0013560654843219,5,148045,0.0297685815508697
89,90,1485.6999999999894,0.777431906614786,0.0007726497372455,5,171297,0.0274453611188392
90,91,1408.0999999999906,0.7270742358078602,0.0001410896534477,5,127818,0.0311952518565099
23,24,1590.3999999999896,0.7181883537023724,0.0006001993977945,5,122346,0.0342458503816688
27,28,1553.2999999999904,0.7460791635548917,0.0002122028508134,5,142855,0.0309321907800183
28,29,1480.799999999991,0.69375,0.0001801066263324,5,102066,0.0370516782072658
30,31,1614.0999999999872,0.8195242001640689,0.0002574384671913,5,201307,0.026762348658528
33,34,1429.399999999992,0.7140814867762688,0.000334335671677,5,118653,0.0332286673724855
968,969,1339.799999999995,0.6637873754152824,6.502828814118061e-05,5,84498,0.041748270962913
972,973,1587.599999999989,0.7823022709475332,0.0016023045749164,5,173240,0.0282366558162549
14,15,1558.0999999999915,0.7070063694267515,0.0006320615873054,5,114674,0.0350752070276285
954,955,1488.6999999999916,0.7318681318681318,0.0007611151565727,5,135589,0.0314144349365421
955,956,1397.4999999999932,0.7000700770847933,2.847193895958091e-05,5,108084,0.0350935555315715
36,37,1477.099999999994,0.7181883537023724,0.0001280028000134,5,125202,0.0339005607787335
415,416,1514.599999999992,0.6942321056289089,0.0002457367186826,5,106676,0.0370346211117293
418,419,1636.4999999999875,0.7947494033412887,0.0011280485562382,5,185804,0.0282975256026478
393,394,1405.6999999999928,0.6889655172413793,0.0006985943859691,5,98292,0.0352720701040075
400,401,1505.399999999988,0.7661042944785276,0.0009845182523873,5,156692,0.0282642805039111
8,9,1430.7999999999918,0.7260174418604651,0.0003335666996321,5,123986,0.0311074965415067
1,2,1606.499999999989,0.6913494809688582,0.000603475887377,5,103783,0.0403002563921768
989,990,1643.999999999986,0.7750193948797518,0.0010409541137664,5,162328,0.0282041426185877
994,995,864.4999999999982,0.7105263157894737,0.0002414572220851,6,124089,0.0191256141318242
999,1000,767.699999999998,0.7151037938439513,0.0004470067930321,6,128843,0.0173621110958963
998,999,806.1999999999981,0.6819112627986348,0.0002244061028296,6,106642,0.0215542207802083
5,6,1144.3999999999917,0.7156160458452722,0.0009911046651193,6,119007,0.02232152547172
387,388,521.4000000000035,0.7744186046511627,0.0003594108470527,6,170104,0.0138332314786431
417,418,1074.699999999996,0.7829153605015674,0.0004356728137623,6,176175,0.0193149091440238
17,18,1000.9999999999952,0.7025316455696202,0.0002176525222617,6,119387,0.0209301081686869
16,17,1019.0999999999956,0.718705035971223,0.0007453010793024,6,129028,0.021243055090897
15,16,999.0999999999948,0.6837782340862423,0.0007408878484362,6,90414,0.0217308423483315
13,14,899.8999999999961,0.7120456165359943,0.0002637988053263,6,125022,0.0192205439807126
10,11,997.699999999996,0.702037947997189,0.0001763620668096,6,122516,0.0235459324796476
965,966,596.9000000000019,0.7522590361445783,0.0004784343461698,6,157039,0.015109752104869
29,30,903.1999999999972,0.7156160458452722,0.0001892339901691,6,131414,0.0209998020542584
22,23,537.5000000000015,0.6722745625841184,9.027063135279567e-05,6,88658,0.016169434687595
91,92,1095.0999999999929,0.6828434723171565,0.0002863083524406,6,96799,0.0248992527684288
88,89,1081.999999999995,0.7416481069042317,0.0002870828967466,6,146651,0.0205960791924426
340,341,980.199999999997,0.7045133991537377,0.0009185538243654,6,112207,0.0201839002169684
474,475,714.6999999999992,0.652088772845953,0.0002197254034261,6,74398,0.0198432954946313
337,338,531.5000000000028,0.7405485544848036,0.0001263788838939,6,147425,0.0143846540310211
100,101,994.099999999997,0.7361827560795873,0.0010288177288845,6,142541,0.0206557967215913
848,849,665.5999999999998,0.6128834355828221,8.425258926260931e-05,6,44816,0.0235708967661112
496,497,581.8000000000011,0.797923322683706,0.0001289532685658,6,194540,0.014694474410063
317,318,828.0999999999968,0.6491228070175439,0.000183617150885,6,78968,0.0240533052693754
313,314,984.899999999998,0.7444113263785395,0.0002694267891328,6,147318,0.0197317900230019
825,826,1035.7999999999945,0.7596958174904943,0.0004647345440041,6,160703,0.0185249478202065
113,114,1039.3999999999962,0.7494373593398349,0.0011095597935945,6,149763,0.0192101507181468
112,113,985.499999999996,0.7181883537023724,0.0005272473542346,6,131438,0.0215404820275251
106,107,954.2999999999968,0.721820809248555,0.0001953188993937,6,129910,0.0205099661585647
809,810,756.1999999999988,0.6326789107029765,0.0003009021045093,6,59521,0.0230367850237227
128,129,1162.699999999994,0.6529411764705882,0.0005471737602666,6,71366,0.0287958198368116
127,128,824.9999999999977,0.6232064878353087,0.0004731518425573,6,48204,0.0248747258656978
867,868,900.3999999999974,0.7040169133192389,0.0001464390241945,6,113893,0.0202204571197352
898,899,839.6999999999978,0.7065063649222065,3.109321746596296e-05,6,118590,0.0191650060890178
897,898,393.90000000000254,0.723388848660391,0.0002082911234547,6,133222,0.0129308882130293
859,860,1005.9999999999974,0.78046875,7.572702963484527e-05,6,176613,0.0185436821119994
115,116,1051.099999999995,0.7556732223903178,0.0008084722847581,6,159481,0.019193640170656
311,312,1109.9999999999966,0.7608530083777608,0.0004462378209873,6,160440,0.0208646087601374
310,311,916.4999999999974,0.7488755622188905,0.0001578733041658,6,158253,0.0196735745010383
308,309,350.9000000000015,0.5989208633093526,0.0003153454055257,6,38443,0.016721588378931
307,308,948.5999999999964,0.7105263157894737,0.0007845266139632,6,124298,0.0195627737256391
501,502,1073.1999999999955,0.7286652078774617,0.0016119994409907,6,138525,0.0200381567568663
798,799,874.5999999999991,0.7085106382978723,0.0002975587477925,6,115749,0.019233462685347
796,797,882.6999999999975,0.7410979228486647,0.000108458491892,6,151445,0.0195589748018523
788,789,947.099999999998,0.7823022709475332,9.361398806956588e-05,6,180551,0.0177988006963727
75,76,880.2999999999962,0.6927877947295423,0.0004027821440424,6,97465,0.0188775869860037
69,70,997.3999999999958,0.7427509293680298,0.0002449566021153,6,147051,0.0193896384557792
352,353,1143.699999999992,0.74,0.0002205779593889,6,148632,0.0226402809368896
345,346,907.499999999997,0.69375,0.000493019341828,6,103168,0.0202525836488691
137,138,642.2000000000004,0.7897233201581028,0.0001604811224049,6,187018,0.0152619849538557
802,803,977.099999999996,0.721820809248555,0.0001787772440188,6,128895,0.0204363266568201
541,542,710.5999999999993,0.6102626756261453,0.0001758605633021,6,45216,0.0254830432106982
537,538,424.0000000000022,0.6267252195734002,0.0001093277646383,6,58686,0.0146561155279903
302,303,760.899999999999,0.7145922746781116,0.000290872034359,6,124101,0.0172112164142366
301,302,1073.7999999999956,0.7816901408450704,0.0005308327062947,6,181331,0.0196833368984067
769,770,908.3999999999976,0.7329420396184886,0.0001203608418037,6,150121,0.0208896330654159
142,143,838.3999999999985,0.7015449438202247,7.662973594837323e-05,6,120889,0.0202594905643458
741,742,728.1999999999988,0.6375239310784939,2.206615433068339e-05,6,62809,0.0222107155657719
158,159,1221.4999999999916,0.7297297297297297,0.0005343185536906,6,138287,0.023703976833655
571,572,856.2999999999985,0.7192224622030238,5.115335776658422e-05,6,139608,0.0206550816778538
593,594,1176.4999999999927,0.7708333333333334,0.000125208709043,6,170557,0.0218356377107726
724,725,1040.399999999996,0.797923322683706,0.0009440636361144,6,188847,0.0181244003646752
751,752,890.0999999999975,0.6387468030690537,0.0002774986074919,6,63821,0.0246720798703242
365,366,864.9999999999976,0.697138869504536,0.0001232695621473,6,108172,0.0196305369323435
363,364,996.4999999999958,0.7556732223903178,0.0002678028730132,6,162682,0.0199038350211715
358,359,1119.2999999999925,0.6691225720026792,0.0003400862452298,6,86255,0.0264243390905337
78,79,924.0999999999972,0.7161290322580646,0.0002958870694341,6,128948,0.0196229091075366
77,78,1160.8999999999942,0.6795918367346939,0.0003380133640654,6,94329,0.0262884541136287
750,751,608.5000000000022,0.7738187451587917,0.0001541287446431,6,175051,0.0155415811051282
272,273,1039.799999999996,0.721820809248555,0.0003500494482458,6,132586,0.0214216684156475
271,272,876.899999999998,0.7596958174904943,0.0001509047935233,6,162651,0.0179072337090747
269,270,669.0000000000007,0.6102626756261453,1.604811224049701e-05,6,49529,0.0273875643914832
264,265,974.7999999999962,0.7207792207792207,0.000197782707246,6,133356,0.0209786844295633
263,264,1028.699999999997,0.7702390131071704,0.0004140747293719,6,171569,0.0191991312996482
261,262,1041.9999999999943,0.7297297297297297,0.0006224995870954,6,138950,0.0210283418634712
450,451,799.4999999999987,0.675,5.857560967781409e-05,6,98835,0.0205164651751129
444,445,1015.7999999999972,0.7732198142414861,0.0004850207589018,6,171959,0.0187339557739532
907,908,1024.8999999999978,0.7780373831775701,8.343585497894116e-05,6,177731,0.0195837033785435
906,907,781.3999999999975,0.6695710455764075,0.0001461046885228,6,85170,0.0197964671705152
64,65,1174.09999999999,0.7244379985496737,0.0006977585467899,6,131105,0.022765833809233
717,718,1069.099999999994,0.6602775941837409,0.0001465560416796,6,81734,0.0276727545407679
710,711,889.899999999998,0.7110320284697509,2.464053900259645e-05,6,127745,0.020889835456437
707,708,929.299999999997,0.7780373831775701,0.0001220325201621,6,172058,0.0173181717499576
691,692,998.399999999996,0.8037007240547064,8.692727463602548e-06,6,197857,0.0184624818050015
194,195,1274.59999999999,0.738905325443787,0.0003462881719394,6,144892,0.023752100923011
193,194,637.6000000000007,0.797923322683706,2.6245350226646157e-05,6,190661,0.0152858638886183
607,608,436.60000000000286,0.708008504606662,0.0002312599840989,6,122458,0.0134658524632508
602,603,972.3999999999965,0.7678708685626441,8.706100890469627e-05,6,172354,0.0197289978471484
598,599,837.7999999999988,0.5942891136228435,0.0001203608418037,6,37606,0.0359692858022749
625,626,991.3999999999965,0.7649310872894334,0.0001520224299115,6,161020,0.0183264530652253
195,196,1227.299999999993,0.7045133991537377,0.0006658318782567,6,116787,0.0260534533597286
683,684,864.199999999999,0.6851851851851852,0.000387561910608,6,96623,0.0201154803907916
43,44,1039.2999999999952,0.7249637155297532,0.0002956196008968,6,135381,0.0214838264037803
42,43,1004.6999999999972,0.6736345246122725,0.0008270461510274,6,89576,0.0231220168135929
52,53,1104.699999999994,0.7750193948797518,0.0013588070368297,6,172963,0.0204426769491199
930,931,883.599999999998,0.6629064366290643,0.0001126711213551,6,83448,0.0225722558422551
927,928,928.1999999999964,0.709013484740951,0.0002373783268906,6,126299,0.0215419291042658
920,921,956.0999999999976,0.7361827560795873,0.0002145432005151,6,149037,0.0199057483546942
916,917,984.2999999999964,0.7433035714285714,0.0006816101338479,6,142030,0.0185433820474345
214,215,917.4999999999976,0.6611515552614163,0.0006736863784291,6,88879,0.0226542021000253
672,673,557.5000000000035,0.7672811059907834,0.0009201586355894,6,165369,0.0138887943251875
670,671,718.9999999999984,0.6908713692946058,3.376790283937912e-05,6,108182,0.0180948512525325
663,664,877.7999999999978,0.7928571428571428,0.0001310595832973,6,182501,0.0161697554630296
640,641,1125.2999999999947,0.6682274247491639,2.1213598367906976e-05,6,92452,0.0283231508185938
952,953,1002.8999999999976,0.7829153605015674,0.0008567351586723,6,178997,0.0182827538216647
974,975,812.4999999999977,0.6880165289256198,0.0001333999329991,6,110040,0.0201595139520762
407,408,875.7999999999981,0.7340191036002939,0.0001219322194606,6,147928,0.01992144865981
385,386,869.2999999999976,0.7350993377483444,4.2126294631304654e-05,6,147567,0.0191763276905477
379,380,1082.0999999999945,0.7829153605015674,0.0008385624952091,6,182081,0.0192091269327663
940,941,533.6000000000024,0.8011226944667201,8.59242676209944e-05,6,195946,0.0141073079352153
938,939,835.2999999999968,0.7166427546628408,4.112328761627359e-05,6,128524,0.0182621232776178
627,628,899.6999999999964,0.6525146962769431,0.0004947244537536,6,71205,0.0230601440716894
240,241,923.1999999999964,0.6880165289256198,0.0003159472097347,6,110640,0.023049315656995
227,228,637.6000000000012,0.7762237762237763,8.809744948689504e-05,6,171479,0.0146419397250326
656,657,820.999999999998,0.7000700770847933,0.0003527241336192,6,116632,0.0197442664111769
646,647,978.899999999996,0.7260174418604651,0.0002113670116342,6,126014,0.019530254326233
645,646,983.499999999995,0.7105263157894737,0.0002863816602404,6,122356,0.0204633032767783
