node,degree,closeness,betweenness,community,triangles,clustering
1,1005.0999999999974,0.6731805929919138,0.0003510524552608721,3,87489,0.024047737871803282
2,1606.499999999989,0.6913494809688582,0.0006034758873770229,5,103783,0.04030025639217685
3,1497.999999999991,0.7585421412300684,0.0012207264044271392,4,154379,0.026993231380000534
4,1688.3999999999858,0.7427509293680298,0.0005495029654459624,0,141355,0.03291534341137075
5,1051.499999999997,0.6516634050880626,6.36909454544725e-05,4,70236,0.030368747337474425
6,1144.3999999999917,0.7156160458452722,0.0009911046651193613,6,119007,0.022321525471720095
7,1330.5999999999929,0.6908713692946058,0.0002034098226482996,4,101062,0.03039052597867493
8,960.8999999999953,0.7125534950071327,0.0007519209256016204,3,122100,0.019949747283135873
9,1430.7999999999918,0.7260174418604651,0.0003335666996321639,5,123986,0.031107496541506772
10,1717.499999999986,0.7649310872894334,0.0010824451706215234,0,156665,0.030729922118277814
11,997.6999999999961,0.702037947997189,0.0001763620668096286,6,122516,0.023545932479647654
12,1049.9999999999948,0.708008504606662,0.0003846531902644127,1,117863,0.02202051550733121
13,1638.4999999999889,0.7762237762237763,0.00032380409801919483,0,180262,0.031091861557292037
14,899.8999999999961,0.7120456165359943,0.00026379880532630476,6,125022,0.019220543980712632
15,1558.0999999999917,0.7070063694267515,0.0006320615873054081,5,114674,0.03507520702762851
16,999.0999999999949,0.6837782340862423,0.0007408878484362786,6,90414,0.02173084234833153
17,1019.0999999999955,0.718705035971223,0.0007453010793024154,6,129028,0.021243055090897002
18,1000.9999999999951,0.7025316455696202,0.0002176525222617407,6,119387,0.020930108168686935
19,1177.8999999999924,0.7244379985496737,0.00038550813433912957,4,123757,0.023531088575122067
20,1278.1999999999894,0.7488755622188905,0.000701221309103741,4,148991,0.023268251685664498
21,1481.7999999999913,0.670020120724346,0.00025105265586227517,0,83326,0.0416071258619783
22,1027.8999999999987,0.7161290322580646,0.0006327971257830979,1,121922,0.021374121487693912
23,537.5000000000015,0.6722745625841184,9.027063135279569e-05,6,88658,0.016169434687595012
24,1590.3999999999896,0.7181883537023724,0.0006001993977945879,5,122346,0.03424585038166882
25,1640.1999999999873,0.7192224622030238,0.0004505173175847859,0,121737,0.03471178287012202
26,929.5999999999947,0.7239130434782609,0.0006541277416360917,3,128943,0.018644411650186207
27,1717.9999999999902,0.7100213219616205,0.0010191888615402314,0,116497,0.038157019289156505
28,1553.2999999999904,0.7460791635548917,0.00021220285081340526,5,142855,0.030932190780018378
29,1480.7999999999913,0.69375,0.0001801066263324112,5,102066,0.03705167820726588
30,903.1999999999971,0.7156160458452722,0.00018923399016919392,6,131414,0.020999802054258433
31,1614.0999999999872,0.8195242001640689,0.0002574384671913063,5,201307,0.026762348658528015
32,1699.8999999999903,0.7151037938439513,0.00030223944719602705,0,124091,0.03785131201247057
33,1468.29999999999,0.7466367713004485,0.00014546945074667188,0,159906,0.0317052016430418
34,1429.399999999992,0.7140814867762688,0.000334335671677021,5,118653,0.03322866737248551
35,949.9999999999968,0.6646706586826348,0.00013858213591012524,3,84273,0.023303784632266605
36,1096.4999999999914,0.7181883537023724,0.000253760774802859,4,127438,0.02313487765174632
37,1477.099999999994,0.7181883537023724,0.00012800280001348807,5,125202,0.033900560778733574
38,951.7999999999965,0.7202595529920692,0.00010404526102588893,1,129015,0.02100530009621718
39,1385.5999999999915,0.7202595529920692,0.00019592070360273438,5,123111,0.03113599132372212
40,1138.799999999995,0.68707015130674,0.00031761888809316995,4,99131,0.027878230540081893
41,895.499999999997,0.6568047337278107,0.00020329128545561412,3,78579,0.024199726503989893
42,915.8999999999959,0.6668891855807744,0.0007588416740053346,3,79529,0.02196088707664977
43,1004.6999999999973,0.6736345246122725,0.0008270461510274471,6,89576,0.023122016813592907
44,1039.2999999999952,0.7249637155297532,0.00029561960089682205,6,135381,0.021483826403780357
45,1441.799999999993,0.7207792207792207,0.0008318271511324289,0,123419,0.03227309644549883
46,1011.7999999999954,0.7125534950071327,0.0003874950434736674,3,118165,0.02134547199911579
47,1601.099999999984,0.7878548895899053,0.0011113986397887534,5,177675,0.027448060917492537
48,1688.7999999999856,0.8545765611633875,0.0011851196553935364,5,227239,0.025709501662502375
49,1097.8999999999949,0.7438570364854803,0.0005331650956233457,1,151482,0.021744325384070663
50,1595.899999999988,0.7286652078774617,0.0003931787498921767,5,131155,0.03247084824932913
51,1499.4999999999889,0.7265454545454545,0.0005302563752797552,5,125279,0.031857294827672036
52,1450.6999999999882,0.7750193948797518,0.00021071744518638306,0,175459,0.02834267912643725
53,1104.699999999994,0.7750193948797518,0.001358807036829749,6,172963,0.02044267694911996
54,1818.4999999999914,0.7786438035853468,0.0006221986849909362,5,171318,0.032172144906385806
55,1177.9999999999934,0.6722745625841184,0.0005347699068473953,4,87932,0.0290042797922977
56,1623.1999999999905,0.7239130434782609,0.0006451229675455909,0,126543,0.03477668405906573
57,1641.2999999999902,0.7372693726937269,0.00044924684203241313,0,138283,0.03281477964578426
58,1570.399999999991,0.7115384615384616,0.0005388010398030439,0,120525,0.036222067208477884
59,1116.8999999999935,0.7010526315789474,0.0002333662988305607,3,105828,0.02362732298367448
60,1476.0999999999897,0.7455223880597015,0.00025755787278833374,5,140878,0.029733149389684355
61,1414.5999999999913,0.7297297297297297,0.0001631080455395753,4,139018,0.028551704339683848
62,1615.1999999999873,0.7421991084695394,0.0010852535902636103,0,140675,0.032335011356298474
63,1059.1999999999955,0.6865979381443299,0.00017970542352639882,1,102588,0.024917781483989005
64,1449.2999999999904,0.7244379985496737,0.0004680699403478295,5,126813,0.031710705414106595
65,1174.09999999999,0.7244379985496737,0.0006977585467899429,6,131105,0.022765833809233072
66,1069.8999999999953,0.7095170454545454,0.0002801732928653436,4,118271,0.02395903911344784
67,1537.0999999999924,0.6677807486631016,0.00021514500472416306,5,85894,0.043512193357674436
68,1117.099999999996,0.6576695194206715,0.0001425941639702495,4,76510,0.03155643976615022
69,1132.1999999999937,0.7762237762237763,9.846185530888268e-05,4,163575,0.020387038064123675
70,997.3999999999958,0.7427509293680298,0.0002449566021153641,6,147051,0.019389638455779207
71,1718.7999999999877,0.8037007240547064,0.0003113190487939987,0,198296,0.029610905332269538
72,1508.4999999999907,0.7345588235294118,0.0007459568915814741,5,145232,0.03223602005511474
73,1422.1999999999907,0.728134110787172,0.00017940452142188948,0,127089,0.030568020413428165
74,1462.1999999999894,0.7202595529920692,0.0003960206031014314,5,122487,0.03280504437783427
75,1418.599999999994,0.6731805929919138,0.000510864906322488,5,87905,0.039521890501139814
76,880.2999999999962,0.6927877947295423,0.0004027821440424424,6,97465,0.01887758698600371
77,1642.8999999999855,0.7847604084838963,0.00034199195855842484,0,178242,0.029249362970481182
78,1160.8999999999942,0.6795918367346939,0.00033801336406546833,6,94329,0.026288454113628755
79,924.0999999999972,0.7161290322580646,0.0002958870694341637,6,128948,0.01962290910753662
80,1830.7999999999909,0.7516930022573364,0.0001255311041550186,0,156892,0.035292218893923005
81,1025.7999999999956,0.7421991084695394,0.0012935447137183945,1,143938,0.019308110218242334
82,799.499999999997,0.7291970802919708,0.0003542286441418038,2,141271,0.018189666303914116
83,923.7999999999973,0.675,0.00019073850069174065,1,88890,0.022308504413499807
84,1279.399999999994,0.6371173469387755,0.00017742079643660584,5,62620,0.04873172518802814
85,1571.3999999999892,0.7738187451587917,0.0007616835272145895,5,163877,0.028309521337864886
86,1213.7999999999915,0.7780373831775701,0.0009398844402184417,4,171205,0.02129458834502653
87,1184.299999999993,0.6795918367346939,0.00035941084705279754,3,92622,0.026942262766175087
88,1590.3999999999876,0.7522590361445783,0.001356065484321997,5,148045,0.029768581550869772
89,1081.999999999995,0.7416481069042317,0.00028708289674666876,6,146651,0.020596079192442683
90,1485.6999999999894,0.777431906614786,0.0007726497372455958,5,171297,0.02744536111883926
91,1408.0999999999906,0.7270742358078602,0.00014108965344770288,5,127818,0.031195251856509912
92,1095.0999999999929,0.6828434723171565,0.0002863083524406168,6,96799,0.024899252768428852
93,1851.5999999999906,0.7708333333333334,0.00026940768423734353,5,168509,0.03392827383551933
94,1102.3999999999924,0.7060070671378091,0.00017810061230234912,4,111470,0.024565068978925762
95,1569.2999999999881,0.723388848660391,0.0005779660756280663,5,125707,0.032885385441969846
96,1524.9999999999882,0.7878548895899053,0.0004534929050627113,0,185673,0.028357583085126835
97,1491.4999999999902,0.7579666160849773,0.000626667638469019,0,154421,0.02951603221271954
98,885.7999999999984,0.6677807486631016,0.00014259416397024947,1,90125,0.02358715682339398
99,1523.4999999999895,0.7655172413793103,0.00042811682758242536,0,172918,0.0309918245941811
100,1040.4999999999968,0.6875430144528561,2.240049000236041e-05,4,100932,0.025802511103840405
101,994.099999999997,0.7361827560795873,0.0010288177288845291,6,142541,0.02065579672159131
102,1514.1999999999912,0.6875430144528561,0.00034349646908097127,0,97331,0.03845373606964865
103,913.0999999999964,0.6568047337278107,0.000349380776902487,1,74847,0.023906529686205238
104,1490.299999999993,0.708008504606662,0.0002965557407775176,5,116499,0.035429158937417486
105,1072.8999999999962,0.7040169133192389,0.00029478376171762936,3,104995,0.021175191271531422
106,1441.4999999999898,0.7356406480117821,0.0004882303813499537,5,140118,0.030477799064374755
107,954.2999999999969,0.721820809248555,0.0001953188993937157,6,129910,0.02050996615856477
108,1047.7999999999945,0.6833105335157319,0.0009678889104406808,1,99286,0.02434110656971323
109,813.8999999999979,0.621268656716418,0.00011033077165341694,3,50170,0.027459485567927402
110,1537.5999999999901,0.7015449438202247,0.00044533511467379205,0,112151,0.03698780520951104
111,1200.0999999999945,0.7884767166535123,0.0014345340664645941,1,187484,0.021001326995930936
112,1260.7999999999936,0.7897233201581028,0.0004795042203191835,4,182070,0.022067312755175462
113,985.4999999999959,0.7181883537023724,0.0005272473542346623,6,131438,0.021540482027525166
114,1039.3999999999962,0.7494373593398349,0.00110955979359453,6,149763,0.01921015071814687
115,1076.299999999992,0.7573919636087946,0.0005444193486945658,1,154815,0.019595972605314222
116,1051.099999999995,0.7556732223903178,0.0008084722847581899,6,159481,0.019193640170656046
117,1561.3999999999892,0.7223427331887202,0.00041424189720782906,5,125219,0.032927624191905765
118,1560.6999999999912,0.7859952793076318,0.00019354692033382752,0,185997,0.029485272966825533
119,1838.999999999982,0.7585421412300684,0.00016365731128590186,0,165061,0.035523874067259646
120,1434.399999999989,0.7291970802919708,0.000755331149452726,0,130603,0.031275546715354735
121,1747.9999999999895,0.7433035714285714,0.00016621497917423101,0,150814,0.03559685670312345
122,1473.1999999999887,0.8208709942481512,0.00011008240801159972,5,203894,0.024870067732347626
123,1456.499999999993,0.6908713692946058,4.814433672149103e-05,0,106961,0.038172461756985764
124,1901.4999999999884,0.7466367713004485,0.0008502705396492977,0,147604,0.036553855342188066
125,1492.7999999999913,0.7522590361445783,0.00012845176505831148,0,161074,0.03157782349436221
126,1274.7999999999945,0.6851851851851852,0.000557003229013917,4,98202,0.030581313599713236
127,1224.9999999999939,0.7176724137931034,0.00034737476287242486,3,122828,0.024724042767631047
128,824.9999999999977,0.6232064878353087,0.00047315184255732013,6,48204,0.024874725865697812
129,1162.6999999999941,0.6529411764705882,0.0005471737602666126,6,71366,0.02879581983681162
130,1415.5999999999938,0.7085106382978723,0.000667668336339011,5,116536,0.03364237631288404
131,1449.7999999999915,0.697138869504536,0.0007940472202329252,0,109617,0.03606791116548047
132,1989.899999999986,0.8155102040816327,0.001924889867441637,0,200158,0.03060685126437129
133,1607.8999999999885,0.7350993377483444,0.0016880608062972789,5,132094,0.03226729117559934
134,1455.6999999999875,0.7897233201581028,0.0006350085174400472,4,182575,0.02454533451701254
135,1044.4999999999966,0.6956824512534819,0.0005896009570024269,1,103460,0.022870632625227687
136,1779.699999999987,0.7608530083777608,0.0011546282421365918,0,162999,0.033503980726787674
137,1036.7999999999952,0.7239130434782609,0.00018585719988525602,3,133674,0.021967763609123843
138,642.2000000000004,0.7897233201581028,0.0001604811224049701,6,187018,0.015261984953855777
139,758.6999999999997,0.7276037873270211,0.000690143653848842,2,131938,0.01632657386861952
140,1198.2999999999918,0.7065063649222065,0.00016461255606212187,1,106549,0.024617051915412896
141,1449.1999999999884,0.7477544910179641,0.00017168136740615032,5,143601,0.029102279477432894
142,1498.1999999999896,0.7714285714285715,0.0005045125285606248,5,158814,0.027748362217865988
143,838.3999999999985,0.7015449438202247,7.662973594837323e-05,6,120889,0.020259490564345815
144,1636.7999999999893,0.7947494033412887,0.0008963539357660938,5,187130,0.02817546530168468
145,1441.9999999999936,0.6563731931668857,0.00017218287091366584,5,80798,0.044877170333274485
146,1830.1999999999919,0.7075070821529745,0.000563506057828035,0,118183,0.040840361780850626
147,1306.7999999999927,0.7318681318681318,0.0008634218721059069,4,140965,0.026826591187737166
148,1025.6999999999957,0.7655172413793103,0.0004867927379617426,3,160575,0.018569949669186847
149,1351.0999999999929,0.7367256637168141,0.0007016893790440887,4,143443,0.026983836172596996
150,1078.299999999996,0.6956824512534819,5.015035075155316e-07,4,105444,0.02608703155115748
151,1864.2999999999854,0.8030546623794212,0.0006684578828867405,5,192164,0.03106737854281787
152,597.1000000000016,0.6861263736263736,0.0005755588587919917,2,96823,0.014291987025133214
153,1388.7999999999931,0.7202595529920692,0.0001462718563586967,5,129012,0.03193122970208443
154,1144.5999999999933,0.7249637155297532,0.001145601179001313,3,126102,0.02136247729224647
155,959.1999999999966,0.6814461118690314,0.0006126701183481411,3,97415,0.02295116941600068
156,1066.399999999997,0.7015449438202247,3.243056015267104e-05,4,111821,0.024819081414339007
157,1114.3999999999937,0.7055084745762712,0.0003328980282888098,4,109403,0.024565565370072928
158,1059.899999999997,0.6903939184519696,5.120198840973726e-05,3,109720,0.02528169875280959
159,1221.4999999999916,0.7297297297297297,0.0005343185536906312,6,138287,0.023703976833655056
160,1291.7999999999925,0.7750193948797518,4.4418882094232795e-05,4,172810,0.0237758636185003
161,1581.1999999999935,0.6923076923076923,0.0008342009344013355,0,102566,0.038990603262416657
162,1625.099999999987,0.8128559804719284,0.00023194776033787394,5,195003,0.027364250402825554
163,1621.799999999987,0.829045643153527,0.00024619192955866294,5,208526,0.02622652072321579
164,1600.599999999988,0.7260174418604651,0.0003386820354088224,0,128375,0.03399983496375083
165,915.8999999999983,0.6162862430598396,0.00023092564842731842,3,45871,0.030385358898593607
166,1623.399999999987,0.7816901408450704,0.00105399320496181,5,174489,0.028349325845832565
167,1423.6999999999907,0.7297297297297297,1.598124510616161e-05,0,145920,0.033136441697612956
168,974.8999999999969,0.75,0.00019441619308018776,1,157787,0.019942003678254994
169,1378.3999999999949,0.7045133991537377,7.689720448571483e-06,5,119985,0.03494082112254594
170,1513.7999999999938,0.6602775941837409,0.00047544052220070915,0,82370,0.04605235196221213
171,1611.1999999999891,0.7254901960784313,0.0007031859291934999,0,127123,0.034002621668351406
172,1136.5999999999947,0.7334801762114538,4.0788951944596565e-05,4,132005,0.02361707255918002
173,1165.999999999995,0.6782077393075356,0.0006438859255603857,4,92954,0.028603159088521336
174,1251.3999999999926,0.8011226944667201,0.00027081189405838704,4,188108,0.021239749585382935
175,970.3999999999968,0.6546526867627785,0.00021664951524670963,4,71923,0.027822984411429746
176,1524.0999999999888,0.7505634861006761,0.00021731818659006372,5,152780,0.029980400959010178
177,1551.19999999999,0.7265454545454545,0.00012377106565483316,0,135226,0.03409136369543569
178,1691.0999999999885,0.7324046920821115,0.0009235187090898514,0,130908,0.03425754184359916
179,1184.5999999999908,0.8075990299110751,0.0005250264101299506,4,188105,0.01967778855894012
180,1421.3999999999917,0.7176724137931034,0.00034409827328999007,0,123523,0.032805545562752975
181,1015.1999999999955,0.6691225720026792,0.0006006340341677682,4,81572,0.026190557469691608
182,1476.7999999999897,0.7455223880597015,0.0005551309492525258,0,155545,0.03153967871677841
183,752.6999999999986,0.7181883537023724,0.0002831488803432691,2,125943,0.016769652376294252
184,1278.5999999999929,0.7249637155297532,0.0010991285206382066,1,132876,0.02474940133779779
185,1547.1999999999907,0.7511278195488722,0.00035439581197764227,5,152863,0.031047523847205466
186,1816.1999999999869,0.8168438266557645,0.00043570624732949375,0,203913,0.029518318773205262
187,1511.699999999991,0.7631779984721161,0.0003236369301833563,5,154857,0.028755801885898415
188,1182.0999999999938,0.7176724137931034,0.0007320279531368377,4,117174,0.024270302373479907
189,1713.1999999999898,0.7631779984721161,0.0011614041117492466,0,155606,0.030692336724461505
190,1475.1999999999903,0.7444113263785395,4.12904554521121e-05,0,154463,0.031158199990656783
191,1455.1999999999907,0.7356406480117821,0.0003153454055257663,5,137496,0.031305781717141615
192,1008.999999999996,0.6899171270718232,2.340349701739147e-06,4,104404,0.024658759761539827
193,1226.2999999999922,0.7329420396184886,0.0001258630517147551,4,129832,0.023954289248541604
194,637.6000000000007,0.797923322683706,2.6245350226646153e-05,6,190661,0.01528586388861836
195,1274.5999999999901,0.738905325443787,0.00034628817193947453,6,144892,0.023752100923011027
196,1227.299999999993,0.7045133991537377,0.0006658318782567281,6,116787,0.02605345335972866
197,1242.2999999999925,0.6668891855807744,7.739870799323037e-05,0,82990,0.03799554923172066
198,1493.7999999999918,0.7505634861006761,0.0007485298066460391,5,154954,0.03008365898719343
199,1296.6999999999941,0.6379310344827587,9.027063135279569e-05,5,65225,0.049158488325807125
200,1031.4999999999948,0.7762237762237763,0.00042049397426818926,3,170077,0.018615046233507217
201,1032.8999999999955,0.6691225720026792,0.0004747566537813698,3,81236,0.023822236572428605
202,1104.9999999999968,0.781078967943706,0.00010554977154843554,1,178498,0.02055899063388648
203,849.4999999999984,0.6072948328267477,0.00033082514712441224,3,41065,0.03139362225711177
204,1056.3999999999958,0.7573919636087946,0.0003433293012451329,1,161806,0.020645419931259262
205,1634.1999999999884,0.8128559804719284,0.0003964089468431485,5,198318,0.027433869879445825
206,1294.3999999999926,0.7223427331887202,1.2036084180372757e-05,5,131693,0.029981647401129387
207,1598.8999999999892,0.7714285714285715,0.00046572959064609026,0,168334,0.03047700743292224
208,1455.7999999999893,0.7732198142414861,0.00023386780233807626,0,174003,0.028405445437423103
209,1070.6999999999944,0.697138869504536,0.0004175852539245992,4,102361,0.024286194595802876
210,574.1000000000022,0.7015449438202247,0.0001237041985204978,2,110439,0.014088761978576227
211,1023.999999999995,0.6961672473867596,0.00018856531882583988,4,109162,0.02415468242554986
212,1501.4999999999886,0.7792511700468019,0.00016706753513700743,0,175666,0.028540189520085184
213,955.199999999996,0.7631779984721161,0.00024707406136931855,1,165443,0.018800751833979393
214,1113.3999999999942,0.7166427546628408,0.00045335917079404055,1,125866,0.02270674795137206
215,917.4999999999975,0.6611515552614163,0.0006736863784291973,6,88879,0.022654202100025344
216,932.5999999999963,0.7427509293680298,0.0002571041315196292,1,142659,0.018335014112192096
217,1562.5999999999883,0.7276037873270211,9.401519087557832e-05,0,136263,0.033945409506414406
218,1955.8999999999833,0.76905311778291,0.0006514864898298434,0,165840,0.03503600410554582
219,1351.2999999999936,0.670020120724346,0.00027716427182025044,0,93785,0.04116255579663085
220,1583.7999999999909,0.6918282548476454,0.00014242699613441098,0,103213,0.039989257849707915
221,965.6999999999956,0.7065063649222065,0.00010030070150310631,1,122149,0.021018892739229442
222,1151.1999999999919,0.7738187451587917,0.00029199444697106683,4,169191,0.021178229430778666
223,1540.3999999999915,0.7427509293680298,0.00011360726123585177,0,146214,0.03237896513010006
224,937.1999999999971,0.6598414795244386,0.0011668314941528036,3,79772,0.023130242652862877
225,1013.5999999999965,0.708008504606662,0.0002604474882363994,3,114411,0.021411239746845397
226,1460.6999999999912,0.7015449438202247,8.732847744203789e-05,0,113835,0.03607386429809179
227,847.2999999999981,0.8256198347107438,0.00026669956529675967,2,206509,0.01571185100527899
228,637.6000000000012,0.7762237762237763,8.809744948689504e-05,6,171479,0.014641939725032676
229,1493.3999999999915,0.7313323572474377,0.0007024392461934211,5,134754,0.03142891601884837
230,1486.8999999999899,0.7444113263785395,0.00014867907319477156,0,154237,0.031391323149142766
231,1612.4999999999905,0.7684615384615384,0.0007060023092087222,4,169045,0.027836883794564417
232,1543.7999999999904,0.7573919636087946,0.00047575966079640086,5,150378,0.02952553021060397
233,1496.1999999999887,0.7551020408163265,0.0008573035293142175,4,146851,0.026728055486194786
234,1613.4999999999882,0.764345830145371,0.00037863514817422636,5,152924,0.029767433126406614
235,1234.3999999999915,0.7620137299771167,0.0011467713538521821,4,157330,0.02191206618777247
236,1525.5999999999945,0.6814461118690314,0.0002592629847138867,5,95789,0.04025019428905758
237,506.0000000000019,0.6363057324840764,0.00012102951314708161,2,62058,0.01672750670937469
238,1360.3999999999915,0.8030546623794212,0.0006026035752154656,3,190646,0.022445465183408675
239,1730.0999999999894,0.7161290322580646,0.0006368091538432219,5,119090,0.03787671383751072
240,1137.1999999999957,0.6445161290322581,0.000516047109233482,4,63306,0.03316935405849624
241,923.1999999999965,0.6880165289256198,0.0003159472097347849,6,110640,0.023049315656995025
242,1532.6999999999912,0.7897233201581028,0.00020991503957435817,0,188634,0.029041770684937844
243,954.8999999999977,0.6143911439114391,0.00016282147210670925,4,43873,0.03777195894180368
244,663.4999999999999,0.6894409937888198,0.0012943996577931113,2,102863,0.015636681075579216
245,896.9999999999986,0.647020725388601,0.0004744223181096927,1,74855,0.02545033144767958
246,1035.199999999996,0.7916006339144216,0.0004804069266327114,3,184809,0.01856419067399631
247,1544.5999999999858,0.7872340425531915,0.0001423935625672433,0,181338,0.028079306582176063
248,1580.89999999999,0.7720247295208655,0.0005037960949784598,0,175287,0.030323973353866877
249,1458.2999999999915,0.675,0.00017967198995923108,0,92439,0.04123128891176932
250,1443.5999999999894,0.7816901408450704,0.0004964884724403762,4,171568,0.0241603871637566
251,842.0999999999981,0.6204968944099379,0.000207522151409927,3,48796,0.027866304698666886
252,1179.4999999999955,0.6828434723171565,0.0007017705748500672,3,94559,0.026986301412152414
253,1444.0999999999929,0.6745442268737339,0.00010799042195167778,5,89707,0.040816858128892464
254,1408.4999999999861,0.7684615384615384,9.969889729408766e-05,5,162314,0.02703179645160955
255,1946.3999999999846,0.829045643153527,0.002162249089436797,5,205693,0.029054249432229073
256,1158.2999999999945,0.7345588235294118,0.00034018654593136893,4,134219,0.023177632860774264
257,1212.2999999999945,0.6942321056289089,0.0003542620777089714,4,102967,0.027949589947076667
258,665.0000000000011,0.7070063694267515,0.0003462045880215552,2,117718,0.015502653758693575
259,1649.69999999999,0.7433035714285714,0.0010388477990348405,5,146853,0.03317801096845074
260,1161.8999999999903,0.7816901408450704,0.0003394175738865117,4,170814,0.02048733832489664
261,1784.7999999999904,0.7756211180124224,0.0005401192775942273,5,171608,0.032382920270265535
262,1041.9999999999943,0.7297297297297297,0.0006224995870954455,6,138950,0.021028341863471293
263,1417.899999999992,0.7579666160849773,4.776223881100302e-05,5,158964,0.029074104975743212
264,1028.6999999999973,0.7702390131071704,0.0004140747293719906,6,171569,0.01919913129964823
265,974.7999999999962,0.7207792207792207,0.00019778270724607843,6,133356,0.020978684429563382
266,1419.8999999999933,0.728134110787172,0.0003459036859170458,4,136780,0.029114802887236224
267,1460.1999999999896,0.738359201773836,0.00021404169700762888,5,142451,0.030889142764672372
268,585.2000000000018,0.6359007001909611,1.3540594702919352e-05,2,66348,0.020321193798423554
269,808.1999999999983,0.6461836998706338,3.276489582434806e-05,1,74984,0.024740044004816296
270,669.0000000000007,0.6102626756261453,1.604811224049701e-05,6,49529,0.027387564391483224
271,1159.099999999995,0.6642287234042553,0.0008756585576892859,3,82527,0.02880162309549183
272,876.899999999998,0.7596958174904943,0.000150904793523364,6,162651,0.017907233709074728
273,1039.799999999996,0.721820809248555,0.00035004944824584106,6,132586,0.021421668415647573
274,1910.4999999999868,0.7591185410334347,0.000576862767911532,0,161546,0.035747369620439375
275,1368.1999999999894,0.7115384615384616,0.0005057018083070187,0,122428,0.032453432424606035
276,1521.8999999999928,0.7105263157894737,0.00011002986954890761,0,128996,0.03757066222383543
277,1648.8999999999887,0.7568181818181818,0.00031076500682379105,5,155161,0.03168314134374323
278,1640.599999999986,0.7516930022573364,0.0015998630561088801,0,148478,0.03100576639232526
279,1507.4999999999927,0.7015449438202247,0.00020060140300621264,5,111165,0.03546732249829569
280,1070.599999999997,0.6731805929919138,0.00052480670383142,3,88437,0.02611777084866293
281,1277.499999999992,0.7145922746781116,0.00031083187395812643,4,117400,0.026841181292760672
282,1572.899999999988,0.8095623987034035,0.0002970906778522009,5,195816,0.026874701745056843
283,1219.7999999999947,0.7903481012658228,1.939146895726722e-05,4,182757,0.02162146193955287
284,1808.1999999999894,0.7356406480117821,0.00046409373396681344,0,141460,0.03730363020909114
285,1601.499999999985,0.797923322683706,0.0005359400816982645,5,182535,0.026601309855453406
286,1031.6999999999962,0.7334801762114538,0.0001317282546407463,1,139894,0.02084828640974052
287,1367.1999999999932,0.6722745625841184,6.619846299205017e-05,5,86812,0.03952673712401925
288,644.5000000000015,0.7212996389891697,0.0002313602848004986,2,134774,0.015951487939027773
289,1748.199999999988,0.8311148086522463,0.0003209622448099402,0,214161,0.028005923919741896
290,1708.8999999999892,0.7372693726937269,0.0006449335106649736,0,141992,0.03528009745115338
291,1425.7999999999922,0.7135714285714285,0.0002903705308514928,5,117478,0.03330637671355622
292,1494.3999999999915,0.6976256983240223,0.00027089786608824683,0,110428,0.036754772924563875
293,1149.399999999994,0.7455223880597015,0.0003132247621225577,4,156746,0.023483401801387704
294,1189.399999999994,0.7181883537023724,0.0004157464077303756,4,119470,0.024854137706489365
295,710.9999999999998,0.6054545454545455,0.00012621171605807545,2,42907,0.027765925366323947
296,1588.9999999999861,0.7661042944785276,0.0005879292786440414,5,156360,0.02862974985170432
297,1431.6999999999928,0.7010526315789474,6.37801016335864e-05,0,117929,0.03652667780540949
298,1197.7999999999945,0.697138869504536,0.00028251364256708274,4,105544,0.027809207517533227
299,982.1999999999955,0.7756211180124224,0.00015295856979223712,1,170670,0.0181053605467969
300,948.1999999999946,0.6913494809688582,0.0010324285541386412,3,106623,0.020919887024631278
301,1657.2999999999874,0.7608530083777608,0.0009370314424867981,0,153158,0.030303123587268627
302,1073.7999999999956,0.7816901408450704,0.0005308327062947416,6,181331,0.019683336898406775
303,760.899999999999,0.7145922746781116,0.00029087203435900833,6,124101,0.017211216414236633
304,1346.2999999999931,0.6691225720026792,0.00031947683918291794,0,87440,0.039959674103075264
305,1720.3999999999899,0.748314606741573,6.770297351459677e-05,0,154859,0.0350678209177074
306,1567.4999999999866,0.7890995260663507,0.0006486780701877564,0,179509,0.027445547823659034
307,1647.299999999988,0.7085106382978723,0.00039464982684755555,5,113577,0.03771387494459962
308,948.5999999999963,0.7105263157894737,0.000784526613963265,6,124298,0.019562773725639103
309,350.9000000000015,0.5989208633093526,0.0003153454055257662,6,38443,0.01672158837893105
310,922.3999999999953,0.7161290322580646,8.821685508392254e-05,1,117268,0.018980739726160614
311,916.4999999999974,0.7488755622188905,0.0001578733041658893,6,158253,0.019673574501038387
312,1109.9999999999966,0.7608530083777608,0.00044623782098731995,6,160440,0.020864608760137432
313,1500.5999999999879,0.7367256637168141,0.0011650595150929153,5,135700,0.03036920230341837
314,984.8999999999979,0.7444113263785395,0.000269426789132868,6,147318,0.01973179002300195
315,1091.6999999999946,0.7696456086286595,0.0002651281876398777,1,171837,0.020278297432453386
316,1100.0999999999951,0.718705035971223,0.0007539269396316825,3,130218,0.022843078891422827
317,519.2000000000021,0.6363057324840764,9.99663658314293e-05,2,56592,0.015163198384024162
318,828.0999999999968,0.6491228070175439,0.00018361715088501996,6,78968,0.02405330526937544
319,1397.799999999992,0.7035211267605633,0.00023955150875658556,5,111842,0.03447919816347503
320,873.5999999999968,0.67182246133154,0.00011173903402805652,3,88463,0.022409556731301038
321,1070.8999999999958,0.6828434723171565,7.372101560478314e-05,1,99805,0.02581086493912148
322,1612.0999999999876,0.7488755622188905,0.0007031413511039431,0,152143,0.03220169574658873
323,1643.499999999989,0.7050105857445307,0.00046539525497441323,5,106401,0.037444241692540736
324,1613.2999999999843,0.8283582089552238,0.0010989613528023683,5,205188,0.025304075519822816
325,1450.7999999999922,0.6903939184519696,0.00034553591667820123,5,100744,0.036727327249697767
326,1466.6999999999896,0.7460791635548917,0.0003049364216142217,0,143556,0.029755339805696827
327,1028.699999999997,0.6682274247491639,0.00021614801173919413,4,80063,0.026601914516389144
328,989.6999999999975,0.6990902729181245,0.00015947811538993904,1,112892,0.022471349974958924
329,818.2999999999981,0.6533682145192936,0.00034988228041000255,2,77963,0.022590710582258866
330,1362.3999999999912,0.6913494809688582,5.984608523018678e-05,4,104606,0.03143347378094203
331,1773.9999999999864,0.7591185410334347,0.0013123033330114157,0,159033,0.03319250294291811
332,1309.4999999999934,0.6576695194206715,0.00045962644493038613,0,76933,0.04247807994438386
333,886.1999999999977,0.6777476255088195,0.00023453647368143027,3,95463,0.022587888941385775
334,925.7999999999969,0.6956824512534819,7.673003664987634e-05,1,110427,0.021926892403912743
335,1348.4999999999939,0.6629064366290643,0.0002644595162965237,5,82200,0.041395277529139116
336,1055.899999999996,0.6673346693386774,0.0004337002332994317,4,81447,0.02801111138392528
337,1492.1999999999907,0.7477544910179641,0.0001607676958378361,0,155649,0.031236414415501863
338,531.5000000000028,0.7405485544848036,0.00012637888389391397,6,147425,0.014384654031021155
339,1191.399999999994,0.6875430144528561,0.0003904228687127819,4,97267,0.02780068439512949
340,1519.59999999999,0.7786438035853468,0.00028748091540342706,0,182372,0.029653426626664637
341,980.199999999997,0.7045133991537377,0.0009185538243654477,6,112207,0.020183900216968496
342,1481.5999999999904,0.6961672473867596,0.0003941817569072078,0,102731,0.036180307358143794
343,1529.9999999999895,0.7556732223903178,0.0007286845964200676,5,155481,0.03000583500835696
344,1366.6999999999928,0.6664442961974649,0.00010565007224993862,5,84933,0.04115292969678378
345,1107.8999999999946,0.764345830145371,9.513760348763688e-05,1,167646,0.02108879743677201
346,907.499999999997,0.69375,0.0004930193418280702,6,103168,0.020252583648869133
347,928.199999999997,0.6550819672131147,0.0001496820802098023,1,71399,0.02388113018108222
348,807.8999999999979,0.6110091743119266,0.00021497783688832452,3,42491,0.029685942493858107
349,1050.2999999999947,0.7471952131637996,9.346201730971271e-05,3,150962,0.020684995244809466
350,989.1999999999967,0.6800544588155207,0.0003334998324978285,1,97142,0.02356735801835385
351,1374.899999999992,0.6990902729181245,0.00043831406556857453,0,114436,0.03544196217631989
352,1225.2999999999947,0.7427509293680298,0.0007092596938956324,1,149045,0.023984765012472327
353,1143.699999999992,0.74,0.00022057795938891465,6,148632,0.022640280936889683
354,1200.2999999999918,0.7556732223903178,0.0007255943795689957,1,141473,0.020783674912021686
355,1637.4999999999916,0.7596958174904943,0.0009038955932743511,0,163275,0.031816323172626636
356,1454.1999999999944,0.67182246133154,0.0005351042425190722,5,85914,0.0400884764980087
357,518.2000000000039,0.7244379985496737,0.0004814433672149103,2,131232,0.013279722821454506
358,1567.9999999999852,0.8011226944667201,0.0005746767269813362,5,184854,0.02646002932630853
359,1119.2999999999925,0.6691225720026792,0.00034008624522986573,6,86255,0.026424339090533783
360,1280.399999999995,0.6314791403286979,0.00046166980034715503,5,60146,0.05080275418944019
361,1566.7999999999865,0.7666922486569455,0.0009222315167538951,0,156920,0.028723868768711275
362,1404.3999999999915,0.7466367713004485,7.723154015739186e-05,5,143968,0.028975322637710573
363,1540.1999999999946,0.6576695194206715,0.0005531583687896313,0,79696,0.047716845794539414
364,996.4999999999958,0.7556732223903178,0.00026780287301329385,6,162682,0.01990383502117156
365,1518.1999999999887,0.7878548895899053,0.001019757232182082,5,173657,0.026644732580578524
366,864.9999999999976,0.697138869504536,0.00012326956214731764,6,108172,0.019630536932343536
367,1408.1999999999937,0.8181818181818182,0.0009424110626515437,4,204083,0.022776847911689137
368,797.6999999999982,0.6445161290322581,2.7081189405838704e-05,1,74062,0.024875506702365897
369,1449.199999999988,0.7291970802919708,0.001131678486387905,4,139362,0.028125964370077874
370,978.999999999996,0.6976256983240223,0.0002063519765590574,3,106789,0.0208244504029931
371,1059.8999999999965,0.6745442268737339,0.0005825241852852629,3,84764,0.023620045763027377
372,1055.399999999995,0.7438570364854803,0.00018463940752963247,3,146566,0.020492151552211076
373,1552.0999999999874,0.7455223880597015,0.0013575699948445434,0,146471,0.03072608416200532
374,700.2999999999993,0.6894409937888198,0.0002066863122307344,2,101968,0.01626793609508107
375,1440.099999999992,0.697138869504536,0.0006557994199944767,0,105506,0.035794376285045594
376,1523.2999999999868,0.7334801762114538,0.00042025993929801543,0,140183,0.03243110252874033
377,1403.999999999994,0.6800544588155207,0.00035591942739571317,5,94588,0.03892844236542172
378,1632.1999999999846,0.8387909319899244,0.00018600036413440996,5,211304,0.025432759635317718
379,1622.599999999989,0.7192224622030238,0.00047124612922876103,0,123874,0.03448127607017676
380,1082.0999999999945,0.7829153605015674,0.0008385624952091219,6,182081,0.019209126932766385
381,1215.799999999995,0.7602739726027398,0.0005951174955850975,4,159681,0.022842630818569565
382,1077.6999999999953,0.764345830145371,0.00012153101665459712,3,166946,0.020450432528389188
383,1339.0999999999933,0.6923076923076923,0.00016349014345006332,0,109722,0.03586844345379011
384,1356.399999999994,0.7941176470588235,0.00027047755838671,4,186376,0.023435304892991664
385,1556.0999999999879,0.7551020408163265,0.002505912726353608,0,155126,0.029239846134135914
386,869.2999999999976,0.7350993377483444,4.2126294631304654e-05,6,147567,0.01917632769054771
387,925.1999999999956,0.738905325443787,5.065185425906869e-05,3,141604,0.018377352137139553
388,521.4000000000035,0.7744186046511627,0.00035941084705279754,6,170104,0.013833231478643179
389,1383.3999999999908,0.8168438266557645,0.0007771298352460675,4,200748,0.022109192214524075
390,1557.5999999999888,0.75,0.00037810021109954304,0,153493,0.03174233291104978
391,1469.399999999988,0.7756211180124224,0.00011927982313197187,0,172487,0.02849600438320328
392,1098.5999999999947,0.6542239685658153,0.000285188327940499,4,74971,0.031624247118524934
393,1491.6999999999894,0.7539622641509434,0.00017661281856338738,0,160312,0.030313556916677666
394,1405.6999999999928,0.6889655172413793,0.0006985943859691354,5,98292,0.03527207010400756
395,920.8999999999963,0.7070063694267515,5.640242781191345e-05,3,107552,0.019067496236670648
396,1012.0999999999977,0.7161290322580646,0.0003075888179428593,3,128071,0.021724618696745936
397,980.8999999999967,0.7000700770847933,0.00012450660413252255,1,106588,0.021612728836767472
398,1206.6999999999919,0.7992,0.00011668314941528034,4,189452,0.021265124994066926
399,945.3999999999971,0.7792511700468019,8.207940739670868e-05,1,171894,0.0176144240808352
400,936.5999999999971,0.7324046920821115,0.00010063503717478333,1,149360,0.021212958035295534
401,1505.399999999988,0.7661042944785276,0.0009845182523873241,5,156692,0.028264280503911107
402,637.8,0.640795381654907,0.0005426936622661405,2,58642,0.016451198350728006
403,1950.3999999999862,0.8175122749590835,0.0012661291886408785,0,204482,0.030781794318092415
404,1217.5999999999926,0.7726218097447796,0.0004065521767592576,4,160159,0.021220279910220432
405,1121.1999999999969,0.7708333333333334,0.0009276477546350627,1,167861,0.01993147861956618
406,871.2999999999982,0.6371173469387755,0.0002324970260842004,3,60945,0.026197796855048906
407,1557.399999999989,0.7060070671378091,0.0004738396187961986,5,112466,0.035538713856781035
408,875.7999999999981,0.7340191036002939,0.00012193221946060958,6,147928,0.019921448659810062
409,1166.6999999999925,0.7684615384615384,0.0004140747293719906,4,158122,0.020931795572542537
410,1100.3999999999953,0.808252427184466,0.00046068112200376733,1,192691,0.01855806619728483
411,514.9000000000023,0.6367112810707457,4.6806994034782945e-05,2,63593,0.016495147154625345
412,1185.4999999999957,0.6923076923076923,0.00031546481112279377,4,106134,0.028524394555231064
413,1137.0999999999947,0.7696456086286595,0.00017318587792869696,1,171114,0.021377265816159216
414,866.3999999999983,0.6602775941837409,0.0003898019596082388,2,82095,0.023840444525680387
415,1298.7999999999902,0.7151037938439513,1.1033077165341693e-05,5,121659,0.030552082657934958
416,1514.599999999992,0.6942321056289089,0.0002457367186826105,5,106676,0.03703462111172932
417,1164.8999999999953,0.8024096385542169,0.000486143171513913,1,194242,0.02023700848422604
418,1074.699999999996,0.7829153605015674,0.00043567281376232615,6,176175,0.019314909144023867
419,1636.4999999999877,0.7947494033412887,0.0011280485562382688,5,185804,0.0282975256026478
420,1003.5999999999977,0.6342857142857142,9.343249156208408e-05,4,57416,0.03262786898330256
421,1698.1999999999907,0.7738187451587917,0.00027853504807412617,0,179258,0.032195129098073254
422,1350.5999999999951,0.647020725388601,0.0002577728028629832,5,69687,0.045855220217304926
423,1623.499999999989,0.7477544910179641,0.0011626522982568408,0,144319,0.031863972495414915
424,1181.8999999999912,0.7488755622188905,0.0006070532790639673,4,143885,0.021964852050003262
425,1438.3999999999908,0.7841444270015698,4.3864840124025156e-05,5,179574,0.027283771873237814
426,926.0999999999956,0.7270742358078602,0.00029638857294167915,1,134483,0.01914055861907564
427,1074.4999999999957,0.6908713692946058,0.0004242719673581397,3,100278,0.022647493612974603
428,897.5999999999966,0.6786684782608695,0.00038548902944360525,3,90285,0.021617570048686453
429,1113.6999999999948,0.7947494033412887,0.0002595113483557037,3,184290,0.01953327101012321
430,1548.8999999999905,0.7602739726027398,0.00019876255681198902,5,159717,0.03052449658109832
431,1465.499999999993,0.6651131824234354,0.000662285532025011,5,83501,0.04312819995489433
432,956.9999999999969,0.7045133991537377,3.739783298901535e-05,1,118486,0.020600479930910024
433,1053.7999999999952,0.7372693726937269,0.00036633159545651186,3,141424,0.0207590829849155
434,1487.8999999999885,0.7361827560795873,6.435961679782656e-05,0,142266,0.031923997101542916
435,1548.0999999999856,0.7941176470588235,9.796035180136715e-05,5,181223,0.02723587776797107
436,1861.799999999986,0.7798594847775175,0.0003008018038078159,0,176580,0.03325020975423741
437,1471.7999999999868,0.7762237762237763,0.0008376780253867762,5,167814,0.027202988789741693
438,1642.1999999999864,0.7916006339144216,0.0004150634077153783,0,180938,0.02857936359424422
439,1073.799999999995,0.78046875,0.0003326639933186359,3,171931,0.019137185363174297
440,937.1999999999979,0.6664442961974649,7.756587582906889e-05,3,85124,0.024834633139858352
441,1666.599999999992,0.830423940149626,0.0010722813662025423,4,211124,0.025309352378600485
442,1127.599999999993,0.7661042944785276,0.0007716801637977326,1,162564,0.020405474882531905
443,1426.1999999999925,0.6894409937888198,0.0003239712658550333,5,102021,0.036736649966516134
444,798.4999999999962,0.6947148817802503,0.00040802325371463646,2,105328,0.01870242332963015
445,1015.7999999999973,0.7732198142414861,0.0004850207589018544,6,171959,0.018733955773953218
446,1545.7999999999845,0.8011226944667201,0.0003696080850389467,4,185416,0.02470551305719514
447,1305.39999999999,0.7055084745762712,2.0060140300621263e-06,0,121461,0.03349585556240075
448,1383.099999999993,0.7161290322580646,0.00015697059785236138,0,122343,0.03291291022217907
449,1205.4999999999889,0.7922283901665345,0.0009300215379039699,4,177802,0.020250253819195995
450,1783.09999999999,0.7135714285714285,0.0007799048213209871,0,113310,0.03765476308123814
451,799.4999999999987,0.675,5.857560967781409e-05,6,98835,0.02051646517511298
452,1447.1999999999912,0.7756211180124224,0.000365094553471307,5,165754,0.026873025771432284
453,980.2999999999976,0.6147692307692307,0.00012972224061068416,4,47341,0.038075868646416905
454,1419.3999999999885,0.7672811059907834,0.00025743846719130623,0,166102,0.028047620736552616
455,1207.1999999999932,0.7015449438202247,0.0004396514082552826,4,107395,0.026637538298384025
456,1391.3999999999899,0.7410979228486647,0.00043279752698590376,0,142239,0.02970652539647809
457,1171.999999999993,0.7270742358078602,7.138066590304401e-05,4,126873,0.02374253816174525
458,561.3000000000022,0.6709200805910007,8.692727463602547e-05,2,86862,0.01595923722157389
459,1515.6999999999903,0.7361827560795873,0.0002513201243996167,5,133835,0.031211018693138498
460,1428.0999999999888,0.7625954198473283,0.00032079507697410176,3,165260,0.025962258855548606
461,1024.899999999997,0.6894409937888198,0.0002401198793984365,1,107769,0.024257021788819274
462,1555.3999999999892,0.7661042944785276,0.0011350250272539298,5,164834,0.029469530199016387
463,1374.299999999993,0.6884906960716747,8.042292611430888e-05,5,99639,0.036678636003569146
464,1505.2999999999909,0.7649310872894334,0.0007127033513139057,0,171577,0.030105082780665354
465,933.0999999999964,0.7416481069042317,7.221650508223655e-05,1,151542,0.0195783832550201
466,1256.2999999999909,0.6903939184519696,0.0,5,111186,0.03426992562507175
467,1350.599999999993,0.6981132075471698,1.7452322061540497e-05,5,109483,0.034851778791933366
468,1555.2999999999922,0.6713709677419355,0.0006128372861839795,5,87396,0.0427934993056213
469,1651.1999999999891,0.785377358490566,0.00023410183730825012,0,184505,0.0304371173631603
470,1085.5999999999967,0.6346886912325286,0.00022667958539702028,4,57802,0.03432191001646414
471,1643.8999999999905,0.7756211180124224,0.00025621256972849053,5,169110,0.029726533931437978
472,1420.7999999999902,0.6956824512534819,0.0005558999212973829,0,102445,0.0356123129704527
473,1273.59999999999,0.6961672473867596,0.00011735182075863438,0,115512,0.03403140912144948
474,1095.1999999999946,0.7313323572474377,0.0005311256480261155,1,138604,0.021879169685516012
475,714.6999999999992,0.652088772845953,0.00021972540342613824,6,74398,0.019843295494631312
476,1780.8999999999874,0.8175122749590835,0.00025325927129534343,0,207854,0.029649608307039648
477,1342.9999999999911,0.7085106382978723,0.00015346007329975267,0,125024,0.033985577527753115
478,1649.4999999999911,0.7522590361445783,0.0002645598169980267,0,157900,0.03334073083079017
479,1690.1999999999857,0.8256198347107438,0.00020807937752938862,5,203414,0.027079049372558926
480,867.0999999999963,0.6602775941837409,1.855562977807467e-05,3,80089,0.02325887131764336
481,961.1999999999978,0.635092180546726,0.0004530248351223635,1,58956,0.028030941742965422
482,1465.5999999999888,0.7884767166535123,0.00022913934069578693,0,186265,0.027509582007241858
483,814.0999999999985,0.655511811023622,0.00023971867659242408,1,73145,0.0223693478036754
484,1026.299999999995,0.6754563894523327,0.00019592070360273438,4,87840,0.02626238340033965
485,971.1999999999966,0.6986013986013986,0.0002398858444282626,3,106178,0.021264144759285522
486,590.9000000000021,0.7356406480117821,9.361398806956587e-06,2,146654,0.015305662708527599
487,1482.299999999989,0.7928571428571428,0.000262472607161986,0,188160,0.02753553484476725
488,1526.8999999999874,0.7866141732283465,0.0006891326864606758,4,176355,0.025137625466406965
489,1595.6999999999898,0.7100213219616205,0.0005300892074439166,5,116290,0.0350809898204377
490,1713.099999999989,0.7829153605015674,0.0006361404824998679,0,182707,0.030933905176933903
491,1603.9999999999939,0.6686746987951807,2.2701392106869727e-05,0,89065,0.04625980436121665
492,1565.299999999991,0.7684615384615384,0.0010735518417549147,5,165332,0.029680486004779953
493,1053.1999999999948,0.6837782340862423,0.0004963547381717054,4,94740,0.024977952438908445
494,1430.999999999991,0.6903939184519696,0.000222333221665219,0,105300,0.03700486988853338
495,1299.2999999999895,0.777431906614786,0.0005028408502022395,3,171202,0.021838573940138852
496,1514.1999999999919,0.7015449438202247,0.0001671678358385105,5,107970,0.036121693254952104
497,581.8000000000011,0.797923322683706,0.000128953268565827,6,194540,0.01469447441006306
498,1107.9999999999943,0.8089068825910931,0.0007866440732172196,1,198918,0.019528649109000644
499,1016.399999999998,0.709013484740951,0.00037111259556149324,1,118841,0.022073145363217347
500,932.8999999999986,0.6913494809688582,0.0002763618662082256,1,103163,0.022019794116219696
501,969.7999999999962,0.7394522575869726,0.00041887483437249635,3,137985,0.018670635823753102
502,1073.1999999999955,0.7286652078774617,0.0016119994409907567,6,138525,0.0200381567568663
503,1725.6999999999894,0.8161764705882353,0.0004756927936620656,0,206297,0.02914251451511426
504,905.1999999999965,0.76905311778291,2.0060140300621263e-06,1,163705,0.017465400917493046
505,857.899999999997,0.7000700770847933,0.00010849192545919333,3,106840,0.018921162512545973
506,1394.0999999999888,0.7477544910179641,0.000997791378552902,3,150352,0.02424334503046835
507,1542.199999999988,0.7410979228486647,0.0011841389374232841,5,138862,0.030295236248644466
508,1446.9999999999914,0.7135714285714285,0.0004001663654302265,5,119933,0.03362602481046685
509,1340.9999999999911,0.702037947997189,0.000424338834492475,4,108248,0.02894239024105827
510,821.0999999999975,0.6491228070175439,1.2036084180372757e-05,3,68019,0.023304489860209925
511,1325.799999999991,0.7878548895899053,0.00014356373741811285,4,181055,0.023149456171735087
512,1268.6999999999919,0.7661042944785276,0.001155296913479946,4,162576,0.02291657683074566
513,1722.599999999986,0.7394522575869726,0.00013413547147682082,0,149020,0.03577838722554493
514,1544.5999999999894,0.8128559804719284,2.2114784973836405e-05,0,201126,0.027449533477867716
515,1059.499999999996,0.6568047337278107,0.00040722084810261165,4,75665,0.030127533921230732
516,1543.9999999999882,0.7829153605015674,0.00015030298931434531,5,178143,0.02823631891501297
517,1044.9999999999964,0.7197406340057637,0.00016282147210670925,3,126384,0.022320064209915117
518,1069.4999999999957,0.6722745625841184,0.00031812039160068555,4,89154,0.028262894224581524
519,943.0999999999989,0.6091463414634146,1.0030070150310631e-06,4,47883,0.042217517785741586
520,1467.8999999999935,0.6759133964817321,0.00019130687133359143,5,89084,0.040080596890622794
521,1040.599999999996,0.8011226944667201,0.00026707847905799365,3,184128,0.017828020242872427
522,1417.7999999999904,0.7672811059907834,4.7029884482567624e-05,5,166563,0.02819239214476421
523,1488.9999999999916,0.666,0.0006542471472331189,5,82085,0.04186477949275643
524,1116.699999999994,0.738905325443787,0.0006298549718723399,3,134051,0.020682299211494535
525,1367.799999999995,0.6607142857142857,0.00012236685583378972,5,84175,0.044031902766890486
526,1134.8999999999965,0.6903939184519696,0.00013657612188006308,4,100969,0.02655664114068251
527,1579.1999999999928,0.76905311778291,0.0002973103841507315,5,168741,0.03068738937527355
528,1117.7999999999927,0.7947494033412887,0.00016248713643503228,3,187743,0.019736481739770762
529,1239.1999999999916,0.7960159362549801,0.00014911370956795139,4,184599,0.021658669019762954
530,984.3999999999962,0.7050105857445307,0.0003550644833209963,3,105984,0.02000035922609874
531,1577.8999999999855,0.7878548895899053,2.514204251011198e-05,0,183297,0.028471941452891808
532,1511.4999999999884,0.7637614678899083,0.0013913044641167553,5,161506,0.028499600461601323
533,1548.6999999999937,0.6942321056289089,0.0005382661027283601,5,106459,0.03818903198130364
534,1643.1999999999848,0.8017656500802568,0.0005835829149122402,0,188922,0.02824899473783884
535,1151.7999999999945,0.6682274247491639,0.0006160516848559601,1,84919,0.028320707280521395
536,1653.199999999987,0.7545317220543807,6.018042090186378e-06,0,153226,0.03233676411966877
537,1693.1999999999919,0.7884767166535123,0.0004924119653578571,0,185863,0.03046202883266385
538,424.0000000000022,0.6267252195734002,0.00010932776463838587,6,58686,0.014656115527990397
539,1211.5999999999935,0.721820809248555,0.00012119668098292013,4,124748,0.02509765764457439
540,1504.799999999989,0.7115384615384616,0.0006392832378136321,0,114006,0.03373910170733387
541,1683.1999999999866,0.7960159362549801,0.0007339679684369065,0,189870,0.02908719836850448
542,710.5999999999993,0.6102626756261453,0.00017586056330211308,6,45216,0.025483043210698275
543,1756.799999999988,0.8017656500802568,0.0021017868713259493,4,191347,0.02676034978247061
544,867.2999999999978,0.6302839116719243,9.796035180136716e-05,3,55216,0.026882848691548875
545,777.0999999999996,0.5842105263157895,5.3159371796646344e-05,3,27348,0.03916275192646293
546,1362.6999999999896,0.8049959709911362,0.001426242541807004,4,190437,0.021490550435841273
547,1493.5999999999858,0.8155102040816327,0.0008006224884425731,5,194586,0.025004820236519232
548,1433.5999999999876,0.7750193948797518,8.843178515857206e-05,5,166931,0.027063040204894032
549,1450.7999999999925,0.6727272727272727,0.00018699394116895786,0,89805,0.04164386899903054
550,911.599999999998,0.7197406340057637,8.28149458743981e-05,1,134843,0.020730775791699404
551,1338.5999999999897,0.7941176470588235,0.0009387031208451828,4,177676,0.021412364941608315
552,1746.7999999999884,0.7744186046511627,0.0003573212491048162,0,175921,0.032463199358133264
553,867.6999999999977,0.624765478424015,0.0004811090315432332,3,51508,0.026873403010371236
554,890.4999999999976,0.7176724137931034,7.221650508223655e-05,3,132855,0.020000327911649626
555,987.3999999999966,0.7228654124457308,0.00017057805968961616,1,133573,0.02124485766572769
556,1120.6999999999916,0.8269867549668874,0.0003889389326931077,1,205095,0.018300244815584153
557,1485.09999999999,0.7556732223903178,0.0002800061250295051,0,156918,0.030471124665582865
558,919.7999999999973,0.6651131824234354,0.0007689720448571485,3,80632,0.022541386358766385
559,1040.9999999999975,0.7239130434782609,0.000605949971347433,1,131669,0.021318535758267816
560,1049.4999999999957,0.7000700770847933,0.0005348367739817306,3,102791,0.021039230005049744
561,754.9999999999969,0.7438570364854803,0.0005036432558142644,2,143445,0.015353307853729787
562,1166.4999999999936,0.6986013986013986,0.0004084101278490056,4,109419,0.0262035838111429
563,1090.3999999999944,0.7539622641509434,0.0003105978389879526,1,162560,0.02171184190276337
564,1354.8999999999908,0.7085106382978723,0.00013607461837254756,5,114339,0.031704057823515076
565,1102.1999999999941,0.7637614678899083,0.0003760798683978377,1,167693,0.020745478361710937
566,859.0999999999966,0.7115384615384616,0.0006292197340961536,1,124842,0.019042802560244945
567,1327.7999999999936,0.6951983298538622,0.00031494420271975385,5,109262,0.03453273441429943
568,1077.999999999997,0.6416184971098265,0.000380808330040127,4,64170,0.03289290533065983
569,1483.3999999999912,0.7505634861006761,0.00017191540237632423,0,161623,0.03147960775413966
570,1464.599999999989,0.7928571428571428,0.0004894674233351589,5,179303,0.026253315671711696
571,1360.2999999999952,0.6823770491803278,2.323632918155296e-05,5,100699,0.03703864033287488
572,856.2999999999985,0.7192224622030238,5.115335776658422e-05,6,139608,0.02065508167785384
573,882.2999999999953,0.6986013986013986,0.0004576243387198631,2,105700,0.018688804240742936
574,1480.5999999999922,0.8135179153094463,0.00015529891949397627,4,200451,0.024017317772862843
575,1498.0999999999926,0.7202595529920692,0.0003288860002286856,0,125383,0.0336789982756095
576,1229.5999999999967,0.6166666666666667,9.327965239788887e-05,5,51975,0.05838587687218076
577,1156.5999999999926,0.7421991084695394,0.000580526131628336,4,139040,0.022025597181628043
578,1253.199999999994,0.6563731931668857,6.904031620130483e-05,5,77993,0.041353757636439635
579,1021.5999999999965,0.6457659987071752,0.00028869885249310773,4,69437,0.030846624170265763
580,1451.399999999992,0.676829268292683,0.00013864900304446062,0,94838,0.04055271362070437
581,1316.2999999999915,0.6777476255088195,8.024056120248505e-06,5,92812,0.03724928051419229
582,1381.7999999999952,0.6363057324840764,5.5337329886428086e-05,5,61151,0.05083907293742002
583,1179.6999999999955,0.7562452687358062,0.00010237358266750384,4,158904,0.02296720732176211
584,1573.599999999988,0.7872340425531915,0.0005859980921214498,0,181323,0.027844803802346642
585,1383.5999999999917,0.6576695194206715,0.0005412894524450971,5,79665,0.04320695722840683
586,471.80000000000314,0.6651131824234354,5.5834057170062515e-05,2,84766,0.01397209872975887
587,1153.299999999992,0.7916006339144216,0.0008395026876434138,3,177892,0.018572274349071216
588,1462.4999999999911,0.7291970802919708,0.0008405389834915553,5,129077,0.03150822156944826
589,1616.6999999999873,0.7792511700468019,0.0002918750413740394,5,170110,0.02853808613419552
590,1229.9999999999948,0.797923322683706,0.0012746547482686426,3,185246,0.019932813414153337
591,1533.9999999999914,0.7050105857445307,0.0006083906217506752,5,113076,0.034978038253517515
592,1471.999999999991,0.7361827560795873,0.0004197441071188567,4,143270,0.028926721571899024
593,1564.3999999999915,0.7212996389891697,0.0003375285773415366,0,130684,0.03504493065163389
594,1176.4999999999927,0.7708333333333334,0.00012520870904304436,6,170557,0.021835637710772612
595,1542.3999999999864,0.8222222222222222,0.00023646129190551374,0,205623,0.025899387946005478
596,903.9999999999984,0.644932214331827,0.0003005677688376419,1,68299,0.025369489200564588
597,1299.499999999993,0.6800544588155207,6.218643493192591e-05,0,100814,0.03783066331329379
598,1824.3999999999849,0.8256198347107438,0.0009372599051957776,5,205035,0.028409890480992378
599,837.7999999999988,0.5942891136228435,0.00012036084180372757,6,37606,0.035969285802274945
600,980.7999999999964,0.7156160458452722,0.0005169498155470098,1,127534,0.021846492694493312
601,844.4999999999981,0.6880165289256198,0.0004160329811632416,1,97451,0.01940887859825992
602,813.1999999999981,0.6259398496240601,0.00037027675638230076,1,53400,0.026620604483257617
603,972.3999999999963,0.7678708685626441,8.706100890469627e-05,6,172354,0.019728997847148474
604,1721.7999999999893,0.8155102040816327,0.0006825462737286385,5,199757,0.028540042230239104
605,1064.8999999999965,0.7075070821529745,0.0003686719451582511,3,116777,0.023104237447978137
606,1557.4999999999877,0.7625954198473283,0.00020695378076807601,0,162702,0.030620735405875402
607,1914.099999999988,0.7732198142414861,0.00016529555607711923,0,176432,0.03416352923311799
608,436.60000000000286,0.708008504606662,0.00023125998409899548,6,122458,0.013465852463250825
609,1678.6999999999887,0.7556732223903178,0.00067612702883244,0,154078,0.03182243947542608
610,987.5999999999973,0.6620278330019881,0.0007434622331081916,3,78456,0.02431352349923952
611,1308.9999999999939,0.6889655172413793,0.00022669478247300563,3,106448,0.030509751372256776
612,1358.7999999999936,0.6777476255088195,0.00018154426972062242,5,95488,0.03906954238700997
613,1432.8999999999892,0.7573919636087946,0.0002268801868000266,4,154839,0.026171857368578664
614,1810.7999999999843,0.7934868943606036,0.00042704205474189877,5,177926,0.030550656096229374
615,1161.5999999999915,0.7511278195488722,0.0005931114815550353,4,141745,0.021566977725398753
616,1465.3999999999903,0.7614329268292683,0.00017518074743636978,0,155210,0.0291695007509933
617,1343.7999999999925,0.666,0.0001786522661606162,0,85836,0.04027251088452133
618,919.6999999999946,0.6913494809688582,0.0003492693316785946,3,95320,0.019620204863191215
619,1005.3999999999963,0.7156160458452722,0.00034877897269346825,3,128058,0.021788353093380182
620,1414.0999999999901,0.7666922486569455,2.4559343196617745e-05,5,166391,0.0283605046516978
621,1022.8999999999967,0.641206675224647,8.692727463602546e-06,4,63669,0.03181282507813512
622,1056.1999999999953,0.709013484740951,0.0006666653293239802,3,114931,0.021331605546693833
623,1025.3999999999955,0.6731805929919138,0.00021063147315652326,4,94298,0.026717399136473873
624,1210.7999999999943,0.7394522575869726,0.000365763224814661,4,144646,0.024235155062672806
625,1662.6999999999891,0.7511278195488722,0.0006656288887417816,0,152167,0.03201802388354411
626,991.3999999999965,0.7649310872894334,0.00015202242991154154,6,161020,0.018326453065225345
627,1170.0999999999945,0.7708333333333334,0.0002138745291717904,4,164969,0.021394538508490938
628,899.6999999999964,0.6525146962769431,0.0004947244537536232,6,71205,0.023060144071689406
629,1481.1999999999884,0.7270742358078602,0.0004695410173032083,0,125067,0.031576804103430785
630,869.9999999999984,0.6330798479087453,0.0002440650403242254,1,58928,0.02713422933296566
631,1156.5999999999945,0.7176724137931034,0.0003262781819896048,4,122272,0.02478664586560149
632,838.2999999999982,0.6021699819168174,0.00015680343001652286,1,38809,0.03347212272579629
633,1438.3999999999903,0.75,7.455685478397568e-05,0,160432,0.031163955877313094
634,1349.5999999999929,0.697138869504536,8.742877814354101e-05,5,105397,0.03398492466836052
635,1131.2999999999968,0.7265454545454545,4.0454616272919546e-05,4,137906,0.025105709386930707
636,1136.399999999993,0.7494373593398349,0.0002528771733848554,1,157932,0.02171987876057035
637,1444.1999999999907,0.7551020408163265,0.00015185526207570297,0,160314,0.030284212071915017
638,730.8999999999996,0.7416481069042317,0.0007063509735520423,2,143715,0.015405269089825126
639,1416.4999999999925,0.7786438035853468,0.0003360742171697415,4,171589,0.02468424086023507
640,1639.6999999999882,0.7596958174904943,0.0008768621661073233,0,161774,0.03096650633034521
641,1125.2999999999947,0.6682274247491639,2.1213598367906976e-05,6,92452,0.028323150818593865
642,1154.5999999999935,0.7120456165359943,0.00018355028375068456,4,116629,0.02413712616793792
643,1701.2999999999877,0.738359201773836,0.00024242918364494848,0,147303,0.03579838400192402
644,988.4999999999958,0.777431906614786,0.00015897661188242352,1,170540,0.017856987315690437
645,1495.1999999999907,0.7859952793076318,0.0,0,186949,0.028952275037993514
646,983.499999999995,0.7105263157894737,0.000286381660240489,6,122356,0.020463303276778397
647,978.8999999999961,0.7260174418604651,0.0002113670116342127,6,126014,0.01953025432623308
648,1128.5999999999935,0.7786438035853468,0.00028074166350719454,4,171891,0.020734809223916805
649,1171.3999999999935,0.7130620985010707,0.0011227660526257719,3,118588,0.023317917312760863
650,1172.899999999993,0.833889816360601,0.0005331985291905129,1,216423,0.01906309352101169
651,1518.0999999999938,0.7702390131071704,0.0007470730583623037,5,169402,0.029085379445393963
652,1099.0999999999965,0.7909738717339667,0.0004070536802667733,1,181476,0.019973294422936796
653,1232.0999999999917,0.7528259231348907,7.689720448571483e-05,4,151100,0.023264055545352325
654,883.0999999999983,0.6976256983240223,0.00018189532217588323,1,117016,0.021731376983180204
655,1874.4999999999857,0.7568181818181818,0.0012146414952026174,0,161100,0.03458238325147524
656,1225.6999999999891,0.7602739726027398,0.00025364932957896665,3,159059,0.021774791122502232
657,820.999999999998,0.7000700770847933,0.0003527241336192572,6,116632,0.01974426641117699
658,1702.199999999988,0.738359201773836,0.000122667757938299,0,139728,0.03507975376629729
659,1256.7999999999909,0.7270742358078602,0.0004369289606430552,4,132639,0.02485800160859906
660,1142.9999999999943,0.7960159362549801,0.0002939479225384369,3,186859,0.01983796832821904
661,1058.1999999999946,0.7579666160849773,0.00019689027705059776,3,157851,0.020048108644542685
662,1563.399999999989,0.75,4.2360329601478564e-05,0,145384,0.031232030281717293
663,1170.7999999999945,0.7161290322580646,0.0001695750526745851,4,117888,0.02430151467603606
664,877.7999999999978,0.7928571428571428,0.00013105958329739223,6,182501,0.016169755463029657
665,1686.4999999999898,0.7085106382978723,0.0009708104898485665,5,117078,0.03790162338721845
666,1394.4999999999955,0.67182246133154,0.00010130370851813738,5,92138,0.04176156660068426
667,917.099999999996,0.7270742358078602,8.40854214267708e-05,1,126703,0.019126493848764317
668,1520.5999999999904,0.7356406480117821,0.0001322631917154295,0,146392,0.033642407070649354
669,1079.2999999999925,0.7726218097447796,3.6830931954512455e-05,1,163356,0.0190775960382507
670,916.9999999999969,0.7625954198473283,0.00032915346876602724,1,164732,0.018090595916039506
671,718.9999999999984,0.6908713692946058,3.376790283937912e-05,6,108182,0.01809485125253253
672,1206.9999999999934,0.6740890688259109,0.0006145089645423648,4,88702,0.030034640467984375
673,557.5000000000035,0.7672811059907834,0.0009201586355894972,6,165369,0.013888794325187534
674,1402.5999999999904,0.799839871897518,0.0011094929264601947,4,187387,0.022876772158765074
675,800.0999999999975,0.6594059405940594,2.4406504032422536e-05,1,77750,0.021457235783878433
676,1425.7999999999895,0.7361827560795873,2.0862545912646107e-05,0,146039,0.03173064653548281
677,1602.1999999999903,0.7125534950071327,0.0007310249461218068,0,125620,0.03680831704143817
678,1433.0999999999942,0.7045133991537377,0.00026639953159659244,5,110410,0.034580226442486116
679,461.3000000000034,0.6664442961974649,4.709356746764896e-05,2,86481,0.013466912687819176
680,679.0999999999996,0.69375,0.0008311584797890744,2,104373,0.01658923625676121
681,1461.7999999999909,0.7291970802919708,0.00024248251814495422,5,135906,0.03161546760451436
682,754.499999999999,0.6159062885326757,4.613832269142891e-05,3,46308,0.026851671390132115
683,1567.4999999999905,0.7085106382978723,0.0003023063143303624,5,115477,0.03497083816582924
684,864.199999999999,0.6851851851851852,0.0003875619106080028,6,96623,0.02011548039079165
685,1335.6999999999903,0.709013484740951,3.4269406346894657e-05,0,122978,0.033007885626626675
686,1558.3999999999867,0.7762237762237763,0.00025610112450459815,5,166866,0.027862788245617436
687,1523.3999999999899,0.7637614678899083,2.8036434182058762e-05,0,169829,0.03076848484724564
688,967.6999999999955,0.6913494809688582,0.00028418532092546785,3,102865,0.021874749824601535
689,1493.9999999999918,0.7471952131637996,0.00044017520080757674,5,146546,0.03048647225374522
690,876.1999999999981,0.6809815950920245,0.000348712105559133,1,96904,0.021658754046143418
691,1435.6999999999862,0.8195242001640689,0.00012691859719247828,5,200340,0.024194994815245337
692,998.3999999999961,0.8037007240547064,8.692727463602548e-06,6,197857,0.01846248180500153
693,1523.3999999999874,0.7732198142414861,1.1367412837018716e-05,0,173255,0.029405803954509258
694,1418.899999999991,0.7156160458452722,0.0002454023830109335,5,118776,0.03211630424881138
695,882.2999999999957,0.7568181818181818,0.00019658937494608836,1,157721,0.017449652521178118
696,1330.1999999999894,0.738359201773836,0.0009335989295909138,4,134471,0.024086661743395698
697,1612.1999999999864,0.8056451612903226,0.0004398185760911212,0,194269,0.027734082790734187
698,1360.0999999999929,0.6884906960716747,0.00032687998619862344,5,100407,0.03567387571218421
699,1009.099999999997,0.6445161290322581,0.0,4,72103,0.03267875807147892
700,1326.1999999999944,0.6691225720026792,0.00014744203120956628,0,82400,0.03906671551905619
701,1427.7999999999895,0.7573919636087946,1.831045028551152e-05,0,152295,0.02851791898988691
702,1197.399999999994,0.6777476255088195,0.0008882295789443419,4,90181,0.02778050373913534
703,1318.0999999999951,0.6267252195734002,0.0003344885108412163,4,58535,0.045870958309049754
704,1599.9999999999877,0.7556732223903178,0.0007947493251434469,0,162931,0.031848616588020566
705,1152.9999999999932,0.7254901960784313,0.0006298072096335291,4,124252,0.023073294520495984
706,928.499999999998,0.7030260380014075,0.0002970572442850332,1,113575,0.02090370731663561
707,985.3999999999966,0.6611515552614163,0.0008726161030770249,3,77379,0.023824306245703496
708,929.299999999997,0.7780373831775701,0.00012203252016211267,6,172058,0.017318171749957652
709,810.9999999999985,0.6624668435013262,8.024056120248505e-05,1,78982,0.02180386828373083
710,1144.0999999999938,0.7522590361445783,2.7869266346220253e-05,4,151610,0.02272616947012729
711,889.899999999998,0.7110320284697509,2.464053900259645e-05,6,127745,0.020889835456437002
712,1322.499999999989,0.7207792207792207,0.000571713998567706,0,132592,0.03093273406345841
713,1096.199999999997,0.7649310872894334,0.0006271802864989237,1,166856,0.02116247669087581
714,1400.0999999999894,0.7394522575869726,0.0004984944864704384,0,136725,0.029402291258880067
715,574.5000000000024,0.6763710223425863,0.0005748901874486377,2,93407,0.015320347125890282
716,659.8000000000002,0.7780373831775701,0.0001257770796848953,2,176846,0.015024677916138558
717,1054.5999999999965,0.7545317220543807,0.00010889312826520575,1,161007,0.021061260755098416
718,1069.099999999994,0.6602775941837409,0.00014655604167962218,6,81734,0.027672754540767997
719,1421.699999999992,0.7055084745762712,0.00020511493457385242,5,114136,0.034646443339165264
720,1634.9999999999864,0.8188524590163935,0.0002065860115292313,5,198199,0.026406954166853614
721,1631.2999999999886,0.753393665158371,0.0011389144655677731,5,149721,0.03039230367605334
722,1044.4999999999975,0.6814461118690314,0.0001725172065853429,1,101466,0.02539844829147733
723,1711.6999999999891,0.7329420396184886,9.378115590540439e-05,0,142513,0.036695549265803006
724,1431.5999999999935,0.6947148817802503,0.0005217308156519912,5,109026,0.03556210393076837
725,1040.399999999996,0.797923322683706,0.0009440636361144045,6,188847,0.01812440036467526
726,920.1999999999967,0.6809815950920245,0.00040926029569984145,1,94099,0.022183011016282336
727,690.0999999999996,0.597488038277512,6.335660978279549e-05,2,38188,0.02876166628637294
728,1293.1999999999944,0.7181883537023724,0.0002830151460745983,4,124813,0.027456155860184867
729,1521.0999999999926,0.6686746987951807,0.000762786834931124,5,88605,0.04239024551809858
730,1443.6999999999907,0.7829153605015674,0.0003667662318296921,5,175139,0.026674745903882278
731,673.7000000000002,0.7223427331887202,0.00021832119360509474,2,124474,0.015034156557492916
732,939.7999999999973,0.7202595529920692,2.0394475972298282e-05,3,127368,0.02053534113492137
733,1407.5999999999929,0.6805177111716622,0.0009591421749070381,4,95237,0.03355202800724888
734,1557.299999999991,0.781078967943706,0.00041012956844620164,5,173774,0.028505824549735177
735,1613.9999999999895,0.7966507177033493,0.0017856017188014517,5,188819,0.027617092012481755
736,1625.4999999999873,0.7522590361445783,7.194903654489493e-05,5,144477,0.031613916719538594
737,1107.5999999999935,0.7661042944785276,0.0008945341944673944,1,160839,0.01966431835595669
738,1680.3999999999887,0.8161764705882353,0.0009440302025472368,0,201348,0.027517705736558668
739,1045.5999999999958,0.7455223880597015,0.0003423119655584586,1,155834,0.02090714524783656
740,1478.4999999999907,0.728134110787172,0.00029976536322561713,0,131640,0.03205740077157426
741,1428.9999999999895,0.7356406480117821,0.0003663204509341227,5,132576,0.030124755226038868
742,728.1999999999988,0.6375239310784939,2.206615433068339e-05,6,62809,0.022210715565771918
743,1155.999999999994,0.7792511700468019,0.0002047805989021754,1,178056,0.021532230289399882
744,1196.5999999999906,0.7768273716951789,0.0004676353039746492,4,163960,0.02053593355265634
745,1363.199999999991,0.728134110787172,3.7713063765167974e-05,0,139450,0.031538530007306026
746,1022.799999999996,0.7060070671378091,0.0005390159698776934,3,122419,0.022319007900693806
747,1376.5999999999924,0.7025316455696202,5.683706418509358e-06,0,113481,0.03483972574001611
748,983.6999999999965,0.6837782340862423,6.853881269378933e-05,3,96348,0.02345183057825375
749,1653.4999999999877,0.7916006339144216,0.00015800703843456016,0,189323,0.02991668113306891
750,1538.4999999999886,0.7947494033412887,0.000198714794573178,5,176934,0.02654485291835783
751,608.5000000000022,0.7738187451587917,0.0001541287446431067,6,175051,0.015541581105128299
752,890.0999999999975,0.6387468030690537,0.00027749860749192747,6,63821,0.024672079870324284
753,657.3999999999994,0.718705035971223,0.00025041741808608876,2,119990,0.014481480288008214
754,1733.4999999999866,0.7708333333333334,0.00045172092600282305,5,164790,0.03193144404828998
755,1166.299999999994,0.7947494033412887,0.00026306155230670925,1,189861,0.0208829560726392
756,921.5999999999979,0.6620278330019881,0.00028769584547807663,1,84063,0.023808998478679608
757,1677.5999999999894,0.8056451612903226,0.0004270135198658912,0,198998,0.02928057359970402
758,1298.0999999999924,0.6777476255088195,0.00018722797613913178,5,87244,0.03612821498957683
759,1401.0999999999924,0.7410979228486647,5.215636478161528e-05,0,149036,0.031154561406231802
760,1425.4999999999918,0.6908713692946058,0.0006061505727504392,5,102462,0.03630783878555121
761,1402.2999999999934,0.7000700770847933,0.00013239692598410034,5,107278,0.033947224791624084
762,1578.299999999986,0.7835294117647059,0.0004391164711805994,0,171909,0.027819809306275898
763,1480.9999999999898,0.7427509293680298,0.000591287832436797,0,151146,0.03153302992400653
764,1394.4999999999964,0.6745442268737339,0.0005126034518152087,5,89979,0.03986456319461697
765,1036.9999999999973,0.640795381654907,0.00026245350226646155,4,65780,0.03362198885753793
766,1716.5999999999901,0.6932685634975712,0.0004770635699159413,0,107276,0.042093813535113385
767,1222.099999999992,0.7156160458452722,0.0008017703742486643,3,120367,0.024082217613625157
768,1122.4999999999939,0.7573919636087946,6.732087560410875e-05,1,163600,0.021680289700329713
769,1096.1999999999955,0.7928571428571428,0.00041745390776786904,1,183662,0.019362536229984413
770,908.3999999999975,0.7329420396184886,0.00012036084180372757,6,150121,0.020889633065415927
771,876.4999999999983,0.6189591078066915,0.0007836828144109375,3,45476,0.027731268977974
772,1546.899999999992,0.7145922746781116,0.0011311244444176976,0,121919,0.03465199451323426
773,995.1999999999965,0.7260174418604651,0.00044266042930037584,3,122870,0.019283759634506778
774,1439.5999999999924,0.670020120724346,0.00034276093060328194,5,85358,0.040566493469490914
775,1119.6999999999928,0.6607142857142857,0.0002175378928885944,4,87123,0.03024251345792901
776,1108.9999999999952,0.7324046920821115,0.0005796377539864513,1,139739,0.022249258877227302
777,831.6999999999981,0.6537958115183246,0.0003433627348123006,1,74216,0.022444728888728133
778,1132.399999999996,0.6216552582451773,0.0004403200795986367,4,50148,0.039595069476705706
779,1733.2999999999877,0.785377358490566,0.0010263603616977035,0,176095,0.029680106605466907
780,999.1999999999935,0.7045133991537377,0.00013275036655130174,4,114458,0.022697975343794904
781,1154.2999999999934,0.723388848660391,0.0004941481227386371,4,132949,0.02447018914669253
782,1618.2999999999884,0.7702390131071704,0.0012243372296812508,5,166814,0.0296668068576573
783,1171.8999999999944,0.6673346693386774,0.0008617501937475218,4,80857,0.029149474053011375
784,1531.3999999999864,0.7702390131071704,0.00016332297561422475,5,169697,0.02866389463392131
785,1035.6999999999966,0.7302631578947368,0.00020835799058911952,3,139094,0.02180646958834026
786,1108.699999999993,0.7010526315789474,0.0001930788503934797,4,106392,0.02430377912565087
787,826.099999999998,0.655511811023622,0.00024787646698134347,1,77947,0.02291199211407895
788,1367.4999999999918,0.6961672473867596,4.098955334760278e-05,5,106990,0.03422433141673737
789,947.0999999999981,0.7823022709475332,9.361398806956589e-05,6,180551,0.017798800696372734
790,1338.4999999999914,0.6856554564172959,0.00016181846509167816,5,96654,0.03530061722541228
791,1059.8999999999944,0.6918282548476454,0.0003614168610828598,4,98375,0.025006066020851682
792,957.7999999999968,0.6795918367346939,0.00025991255116171615,3,91950,0.02295369986123469
793,1358.999999999992,0.6814461118690314,0.00014577035285118114,5,94388,0.03747089781235205
794,1527.9999999999875,0.8056451612903226,0.0005758931944636686,5,190223,0.026127107530562604
795,1019.099999999998,0.6837782340862423,0.0002775543301038737,3,97285,0.024081714306525885
796,1138.8999999999965,0.627906976744186,0.00014175832479105694,3,56472,0.03750408727941855
797,882.6999999999975,0.7410979228486647,0.00010845849189202563,6,151445,0.019558974801852366
798,1345.2999999999918,0.7105263157894737,0.00021965853629180284,0,120837,0.03288583342528758
799,874.5999999999991,0.7085106382978723,0.0002975587477925487,6,115749,0.01923346268534702
800,720.2000000000004,0.7151037938439513,0.0003868932392646487,2,122920,0.016539817175255236
801,603.6000000000013,0.6651131824234354,0.0003635900429487604,2,83988,0.016442970918724657
802,958.2999999999986,0.5971309025702332,4.14576232879506e-05,4,35519,0.04672186525873814
803,977.099999999996,0.721820809248555,0.00017877724401883834,6,128895,0.020436326656820117
804,1537.4999999999868,0.7972865123703112,0.00035713736448539385,4,186948,0.025290588404524306
805,1607.2999999999897,0.7324046920821115,0.00029371388756826294,5,132350,0.03346330268210193
806,991.7999999999946,0.7318681318681318,9.668987624899449e-05,1,131625,0.019705398539422866
807,1027.4999999999955,0.7916006339144216,0.0003880634141155183,3,177443,0.017657887777976628
808,950.4999999999945,0.7539622641509434,7.004332321633592e-05,3,150969,0.01762459648259396
809,994.9999999999953,0.7726218097447796,0.00043420173680694716,3,165846,0.017805275878801298
810,756.1999999999988,0.6326789107029765,0.000300902104509319,6,59521,0.02303678502372271
811,1276.2999999999972,0.6193428394296342,4.998318291571468e-05,5,53263,0.057666436415972966
812,1402.2999999999906,0.7405485544848036,7.801961709777342e-05,5,142679,0.0299086318054986
813,1216.199999999994,0.6861263736263736,0.0007080417568059521,1,95630,0.026835113775866296
814,1502.799999999991,0.7539622641509434,0.00017795016125009549,0,160312,0.030550434074791483
815,1528.0999999999913,0.6961672473867596,0.00014025381426851033,5,106975,0.03649773662491604
816,929.3999999999968,0.7449664429530202,0.00014453027145077912,3,150756,0.019237478070560178
817,1792.3999999999837,0.8366834170854272,0.00046218802063825444,0,217766,0.028185700174570928
818,1026.0999999999983,0.6065573770491803,0.0008003995979947884,4,44924,0.04323194568192213
819,1194.499999999995,0.7254901960784313,0.00044934714273391616,4,128677,0.024825957193898626
820,1609.3999999999937,0.6695710455764075,0.0002834832160149461,0,89574,0.046105748392339274
821,1322.2999999999918,0.68707015130674,5.951174955850976e-05,5,98426,0.035507736275397994
822,1448.0999999999935,0.6563731931668857,0.00024229306126433714,0,76658,0.045421050684720674
823,1423.7999999999927,0.6903939184519696,0.00016656603162949188,0,102010,0.036600106341504575
824,843.4999999999982,0.6495448634590377,4.861240666183886e-05,1,70388,0.02410436351390652
825,1260.2999999999931,0.666,5.9177413886832724e-05,0,86798,0.039629725083842986
826,1035.7999999999943,0.7596958174904943,0.0004647345440041944,6,160703,0.018524947820206573
827,959.599999999997,0.627906976744186,0.00010765608628000079,4,55385,0.033612239662458125
828,1533.2999999999884,0.826302729528536,0.0004073880159384501,5,206789,0.024709277420654083
829,1527.3999999999858,0.7934868943606036,0.0002128046550224239,5,182090,0.026846945972344546
830,1026.4999999999948,0.7922283901665345,0.00022203231956070967,3,182907,0.017911695406381954
831,1525.3999999999921,0.6942321056289089,0.0006765153725741569,5,109633,0.03777765953347782
832,1448.4999999999898,0.753393665158371,0.0017610351389019826,3,151345,0.02534009585692706
833,1239.0999999999958,0.6338832487309645,0.0002515875929369583,5,60938,0.04848539549607512
834,866.5999999999976,0.842327150084317,8.655950539718078e-05,2,215885,0.01542645992307406
835,878.0999999999974,0.6651131824234354,0.00010063503717478334,3,86638,0.02307819175460472
836,1453.499999999993,0.6686746987951807,0.00018010662633241123,0,83375,0.04173556194726991
837,1061.1999999999948,0.6837782340862423,5.115335776658422e-05,4,95488,0.025997820331492387
838,1229.499999999992,0.7318681318681318,0.0002539279426386975,4,129651,0.02399068583108819
839,1490.5999999999913,0.7302631578947368,0.00019738063603572402,0,143304,0.03378084950131753
840,1242.9999999999907,0.728134110787172,0.0001621528007633552,4,129621,0.025350245491206083
841,1508.4999999999895,0.8075990299110751,0.0002525905999519894,5,194321,0.02617376799013966
842,1130.2999999999936,0.7010526315789474,0.00010571693938427405,4,110622,0.025359591820162557
843,1221.9999999999918,0.7941176470588235,0.0008511183193881928,1,180909,0.02009813675228622
844,1065.0999999999951,0.7035211267605633,0.0001998849694240476,4,116935,0.025115055208282926
845,1420.3999999999921,0.7202595529920692,1.7719790598882118e-05,5,134905,0.03312618960069001
846,1420.099999999991,0.7372693726937269,0.00040922686213267363,0,148513,0.03152383059355393
847,890.9999999999965,0.7166427546628408,4.28618331089941e-05,1,120167,0.01925401655885823
848,536.9000000000027,0.6908713692946058,2.3756937584592895e-05,2,103868,0.014713496617203415
849,665.5999999999998,0.6128834355828221,8.425258926260931e-05,6,44816,0.02357089676611122
850,1013.1999999999955,0.6814461118690314,0.0003256429442134185,1,105399,0.024718002150796486
851,1062.1999999999937,0.7197406340057637,0.0014236012900007554,1,130109,0.020129354262680692
852,1733.8999999999894,0.7947494033412887,0.0007131379876870858,0,192025,0.03042313732296331
853,933.7999999999965,0.6691225720026792,0.00021872239641110722,1,82204,0.023062970605021042
854,1401.6999999999912,0.7340191036002939,8.993629568111867e-05,5,134141,0.030623204972305255
855,1078.699999999995,0.6833105335157319,0.00046606392631776724,4,96022,0.026017174692454945
856,1461.9999999999884,0.7505634861006761,0.00027499108995434983,0,152328,0.02980299147873805
857,918.1999999999962,0.68707015130674,0.0004027073165349718,3,98692,0.021205913611796096
858,818.7999999999998,0.6204968944099379,0.00019558636793105735,1,51268,0.028113465378147746
859,897.9999999999955,0.7015449438202247,0.0005531583687896313,3,106364,0.019315186537217213
860,1005.9999999999974,0.78046875,7.572702963484527e-05,6,176613,0.01854368211199948
861,1198.4999999999936,0.7545317220543807,0.00021481066905248603,4,150094,0.0226345123297971
862,1330.2999999999913,0.8228995057660626,0.00022778766933743554,4,204338,0.02189856071238948
863,1351.8999999999944,0.6499674690956408,0.00021125238226106638,5,71433,0.045515058766735075
864,1142.899999999993,0.7410979228486647,1.4042098210434884e-05,4,142216,0.022610214999231427
865,1195.8999999999933,0.7350993377483444,0.0008452674451338447,4,133314,0.023176615695216153
866,1504.699999999991,0.7947494033412887,2.474083970409956e-05,0,193827,0.028417358712383853
867,1200.5999999999926,0.8037007240547064,0.000840940186297568,1,192904,0.019923198658937897
868,900.3999999999974,0.7040169133192389,0.0001464390241945352,6,113893,0.020220457119735236
869,1063.5999999999954,0.7511278195488722,7.118006450003778e-05,1,156042,0.020627912329214917
870,910.5999999999965,0.7085106382978723,0.0004994974934854694,3,113893,0.01928218146630061
871,1395.4999999999925,0.6682274247491639,0.0006860567982812472,5,85497,0.04096385038778066
872,1311.1999999999948,0.670020120724346,0.00011166811434012503,5,86284,0.03855480923955913
873,1389.899999999992,0.7035211267605633,0.00029176359615014705,5,113462,0.033444311625346695
874,1510.4999999999898,0.7545317220543807,0.0004282919557913991,5,152141,0.02980632623945483
875,1396.1999999999903,0.7161290322580646,0.0004065856103264253,5,120610,0.031483725512606975
876,912.4999999999968,0.6403846153846153,0.0004058835054159035,1,65063,0.024628437378279983
877,758.8999999999978,0.8222222222222222,0.0011312916122535358,2,200069,0.013731483546911172
878,1568.4999999999902,0.738905325443787,0.000426144247119531,5,137822,0.03235361203589349
879,1006.9999999999967,0.6466019417475728,9.428265941291993e-06,4,66967,0.031418523334345146
880,1379.7999999999902,0.7449664429530202,0.00026185169805744297,5,149689,0.029033933213382532
881,1169.4999999999934,0.78046875,7.62285331423608e-05,3,181831,0.02080722905491331
882,1415.8999999999896,0.7350993377483444,0.0005676016698060785,0,134995,0.03030680352742579
883,1050.8999999999935,0.7573919636087946,0.00029461659388179095,1,153256,0.019333213146664502
884,1168.3999999999949,0.6800544588155207,0.0004111325754612328,4,93536,0.028331057248376892
885,478.40000000000236,0.644932214331827,0.00018154426972062242,2,70659,0.01609498291070352
886,1223.399999999994,0.7666922486569455,0.0003976922814598165,1,168175,0.021772310897414892
887,1535.7999999999909,0.7350993377483444,0.00039284441422049975,5,138347,0.03286798359374992
888,1435.099999999992,0.728134110787172,0.00010063503717478333,5,134757,0.031839304095792664
889,1434.9999999999907,0.781078967943706,1.0765608628000079e-05,5,171975,0.02680919764133966
890,1418.3999999999933,0.6851851851851852,0.0004366280585385462,5,99849,0.03757609522664328
891,1530.599999999995,0.7060070671378091,0.00025342643913118195,0,121353,0.037248582478828327
892,790.8999999999979,0.6441005802707931,6.3523777618634e-06,3,65559,0.023273963876857113
893,1576.5999999999897,0.7291970802919708,0.00043074693486628445,0,137150,0.03402534029671651
894,1394.399999999991,0.7065063649222065,0.0003476613363052909,5,111487,0.03358484494066766
895,1438.9999999999907,0.6837782340862423,0.000206619445096399,5,99009,0.03785101401444548
896,1309.2999999999925,0.7372693726937269,0.000174188884943728,4,142421,0.025741047056681288
897,1471.5999999999883,0.7708333333333334,8.892214414369836e-05,5,161412,0.027743213397143137
898,393.90000000000254,0.723388848660391,0.0002082911234547841,6,133222,0.01293088821302931
899,839.6999999999978,0.7065063649222065,3.109321746596296e-05,6,118590,0.019165006089017847
900,1369.7999999999927,0.6759133964817321,0.0001891336894676908,0,95680,0.04034965557196113
901,538.9000000000015,0.6342857142857142,0.00012771622658062204,2,59853,0.017784756765479446
902,1425.199999999991,0.7313323572474377,0.0002030277247378116,4,136490,0.028567038810053073
903,1463.199999999992,0.718705035971223,0.00018045615908007359,5,125215,0.033012687631943934
904,1106.6999999999966,0.6271186440677966,0.00047639489857258726,3,53970,0.03502560945395717
905,994.699999999996,0.6786684782608695,0.0001253758768788829,4,87926,0.024853913859584586
906,1331.0999999999929,0.6682274247491639,1.2437286986385183e-05,5,86608,0.04009342223899937
907,781.3999999999975,0.6695710455764075,0.00014610468852285818,6,85170,0.019796467170515232
908,1024.8999999999978,0.7780373831775701,8.343585497894116e-05,6,177731,0.019583703378543576
909,1591.1999999999896,0.7539622641509434,0.0005985165749138138,5,157647,0.031572744620256936
910,1422.9999999999918,0.6814461118690314,0.00013808063240260967,0,99356,0.03782753874465593
911,1646.8999999999915,0.837384744341995,0.0007119686812405583,0,213805,0.026626566026124846
912,1261.0999999999906,0.7297297297297297,0.0004604136534664255,3,134304,0.024520851972190078
913,1570.6999999999891,0.7684615384615384,0.00031706962234684345,0,169131,0.030301840872625847
914,1282.6999999999898,0.6782077393075356,0.0,0,106912,0.038460788391114185
915,1395.7999999999931,0.709013484740951,0.0005358397809967615,3,113900,0.029018774200577704
916,1103.7999999999938,0.6927877947295423,0.0003635900429487603,4,103935,0.02534098663569044
917,984.2999999999963,0.7433035714285714,0.000681610133847943,6,142030,0.018543382047434522
918,1537.3999999999912,0.785377358490566,0.00012650147364019553,0,185098,0.029257128893506002
919,1458.0999999999897,0.7798594847775175,0.0003574382665899032,0,181021,0.02843392272767639
920,1580.9999999999916,0.6875430144528561,0.0005549972149838547,0,106709,0.04161189777121049
921,956.0999999999977,0.7361827560795873,0.0002145432005151444,6,149037,0.019905748354694282
922,994.6999999999956,0.6842465753424658,0.0007126030506124026,1,93451,0.022056041794151514
923,1688.7999999999886,0.7556732223903178,0.0002474083970409957,0,165550,0.03406544524695394
924,793.2999999999978,0.6537958115183246,0.0002884146671721822,2,79055,0.022267979294632565
925,1567.3999999999912,0.7125534950071327,0.0005065854097250223,0,124992,0.03596277788331574
926,1189.2999999999938,0.7438570364854803,0.0006465717554561911,1,145069,0.022647713520010004
927,974.1999999999948,0.6932685634975712,0.00019608787143857284,1,104978,0.02230142434499445
928,928.1999999999965,0.709013484740951,0.00023737832689068496,6,126299,0.021541929104265823
929,1456.399999999987,0.7786438035853468,0.0007166150786725269,5,169126,0.026767473665154553
930,532.4000000000021,0.6602775941837409,9.027063135279569e-05,2,75504,0.014637813555487832
931,883.599999999998,0.6629064366290643,0.00011267112135515609,6,83448,0.02257225584225515
932,1073.099999999995,0.7318681318681318,0.00014065501707452276,3,138783,0.021415988995507382
933,1434.2999999999895,0.7608530083777608,3.360073500354061e-05,0,165362,0.029337430291620784
934,921.6999999999978,0.6474400518470512,0.0002881973489855921,3,66535,0.025020284444892668
935,1626.4999999999895,0.8208709942481512,0.00022478906914444666,0,205369,0.027333198812546013
936,1585.4999999999923,0.6795918367346939,0.0005270801863988237,0,94795,0.042511021753851755
937,1637.1999999999864,0.7934868943606036,0.0007020046098202411,0,180163,0.028523035195441485
938,967.0999999999988,0.7095170454545454,0.0003704439242181392,1,118702,0.0208176179491301
939,835.2999999999968,0.7166427546628408,4.112328761627359e-05,6,128524,0.01826212327761785
940,1278.8999999999887,0.7207792207792207,0.0,0,132590,0.03049378221951341
941,533.6000000000024,0.8011226944667201,8.59242676209944e-05,6,195946,0.01410730793521536
942,1683.0999999999844,0.7768273716951789,0.0009385359530093444,5,174221,0.02988347951084582
943,1598.7999999999881,0.7780373831775701,0.0008341675008341676,0,176735,0.02955972224086153
944,1389.0999999999904,0.7055084745762712,0.000489954598171031,4,112314,0.030001940764670276
945,1564.0999999999858,0.7878548895899053,0.00042728098840323295,5,179872,0.02721182612559598
946,1449.8999999999864,0.7361827560795873,0.0004973099829479253,4,136946,0.02732428367609969
947,1376.2999999999893,0.721820809248555,0.0001431625346121004,4,121211,0.027475402201555026
948,1510.699999999991,0.6923076923076923,0.0005434626343109976,5,102702,0.03765398858565581
949,1332.7999999999909,0.8840707964601769,0.0012723143985669035,3,246342,0.01913561599010022
950,1007.7999999999957,0.723388848660391,0.00021163448017155436,3,128275,0.020796740327646324
951,1376.199999999994,0.6533682145192936,0.00021516020180014842,5,75768,0.044352352010787535
952,916.3999999999974,0.7125534950071327,0.00010882626113087032,1,134103,0.021679182982994327
953,1002.8999999999976,0.7829153605015674,0.0008567351586723668,6,178997,0.018282753821664766
954,967.5999999999973,0.781078967943706,1.3707762538757865e-05,3,173450,0.018011667742812657
955,1488.6999999999916,0.7318681318681318,0.0007611151565727384,5,135589,0.031414434936542106
956,1397.4999999999932,0.7000700770847933,2.847193895958091e-05,5,108084,0.03509355553157158
957,801.1999999999991,0.797923322683706,0.0002080236549174425,2,191997,0.016450895396668146
958,1723.4999999999845,0.797923322683706,0.00021079864099236172,0,195809,0.029989949658558644
959,1602.2999999999881,0.7816901408450704,0.00011525028225095023,0,176405,0.029921534597015072
960,524.8000000000029,0.6976256983240223,0.0001397523107609948,2,103594,0.013473350811136821
961,1325.3999999999933,0.8181818181818182,0.0004971237102165626,4,204561,0.022194420075794686
962,1061.099999999994,0.7249637155297532,0.00024038734793577814,4,131844,0.022544147639646104
963,1031.2999999999956,0.8030546623794212,0.0004236367295819533,2,189279,0.018306248101767366
964,1174.6999999999914,0.7340191036002939,0.0002562682923404366,4,142980,0.023986323951881234
965,966.5999999999966,0.6842465753424658,0.0003237706644520271,1,94657,0.022365833332172087
966,596.9000000000019,0.7522590361445783,0.00047843434616981706,6,157039,0.01510975210486904
967,1081.099999999994,0.6884906960716747,0.0005165486127409975,4,98617,0.025343994701714372
968,1667.1999999999894,0.7780373831775701,7.004332321633592e-05,0,181338,0.03163637655548043
969,1339.799999999995,0.6637873754152824,6.502828814118061e-05,5,84498,0.04174827096291309
970,1703.5999999999897,0.76905311778291,0.0005403724174599259,0,170823,0.03197164298065871
971,1417.9999999999943,0.6642287234042553,2.798389571936666e-05,0,88540,0.0445046588117841
972,930.2999999999946,0.7223427331887202,0.0003492136090666484,3,124427,0.018489936250940524
973,1587.599999999989,0.7823022709475332,0.001602304574916465,5,173240,0.028236655816254903
974,807.5999999999977,0.6791298436437797,0.00019453559867721522,1,100113,0.02053053576134268
975,812.4999999999977,0.6880165289256198,0.0001333999329991314,6,110040,0.02015951395207629
976,1422.2999999999909,0.7025316455696202,0.0004020386451916178,5,109247,0.0337260303339245
977,959.5999999999977,0.7340191036002939,0.00023499339909938886,3,141277,0.020177937892688076
978,1025.0999999999963,0.6823770491803278,0.00022266755733689602,4,95011,0.025849649836874728
979,1473.9999999999898,0.7130620985010707,0.0004102633027148725,0,123275,0.03439322534702521
980,1104.0999999999924,0.7841444270015698,0.00018017349346674663,3,172166,0.018957565931914343
981,1388.7999999999927,0.708008504606662,2.7768965644717145e-05,5,113766,0.0337553544602843
982,987.0999999999967,0.7433035714285714,0.000454195009973233,3,148040,0.01963285172125515
983,523.8000000000022,0.6629064366290643,4.914734373652209e-05,2,84661,0.016590983285371935
984,1500.9999999999939,0.7340191036002939,0.00011534580672857226,5,136041,0.03205400141766643
985,1639.6999999999884,0.8056451612903226,6.432618323065884e-05,0,196214,0.028988008154661057
986,1105.1999999999962,0.7405485544848036,0.0007964210035018318,3,140181,0.02086232035598171
987,1478.1999999999894,0.7244379985496737,0.0009732511402518083,4,133819,0.029364558371316282
988,906.5999999999968,0.655511811023622,9.929769448807525e-05,3,74184,0.02557537036359852
989,1621.299999999987,0.7756211180124224,0.0007606805201995584,5,164053,0.02874915110831371
990,1643.999999999986,0.7750193948797518,0.0010409541137664056,5,162328,0.0282041426185877
991,1653.6999999999919,0.7738187451587917,0.00011917395016927417,0,172286,0.03079276149662428
992,1366.199999999994,0.6677807486631016,0.00039675614157912083,0,87599,0.04049349956413734
993,1072.5999999999951,0.830423940149626,0.00012876077227001297,3,209478,0.017909572826727334
994,1047.4999999999945,0.7378138847858198,0.0003216309161532943,3,138926,0.020194902313061366
995,864.4999999999982,0.7105263157894737,0.0002414572220851446,6,124089,0.019125614131824283
996,1504.9999999999932,0.6786684782608695,0.00037963815518925735,0,98746,0.042290378438272734
997,1445.1999999999935,0.7455223880597015,7.952412762032e-05,0,153720,0.03164216276203481
998,645.2,0.7334801762114538,4.847867239316805e-05,2,139407,0.01514092999906359
999,806.1999999999981,0.6819112627986348,0.00022440610282961653,6,106642,0.021554220780208307
1000,767.699999999998,0.7151037938439513,0.0004470067930321771,6,128843,0.017362111095896356
