node,degree,community,triangles,clustering
1,820.8999999999997,0,7608,0.10370893447504992
2,1482.4999999999975,5,25980,0.09655057309702117
3,1215.3,6,14578,0.08442984262651546
4,1505.5999999999972,8,25411,0.11925541497197355
5,889.0999999999997,6,12496,0.13144111355090807
6,943.2999999999993,9,7569,0.0654260644372529
7,1148.599999999999,6,14036,0.0932657583548915
8,770.6999999999997,0,7522,0.10846394151620424
9,1228.299999999998,5,24000,0.13493758753629942
10,1523.2999999999975,8,25411,0.12024425906143808
11,712.1000000000003,9,5358,0.11552119065240869
12,804.3999999999996,1,7059,0.13432373573199266
13,1373.6999999999985,8,24138,0.12852824295212392
14,691.8000000000001,9,5281,0.11590943017552306
15,1407.199999999999,5,24551,0.1246126995364129
16,808.4,9,6736,0.06569025135464021
17,759.2999999999995,9,5485,0.10330450131161739
18,808.3000000000004,9,5387,0.11859763412172192
19,961.3999999999992,6,12725,0.12433079803707162
20,1070.5999999999988,6,13320,0.10477296942854811
21,1354.7999999999981,8,24373,0.12735959211112644
22,755.6999999999999,1,7098,0.11503334172974501
23,258.50000000000006,9,288,0.08613350381400808
24,1404.9999999999984,5,24486,0.12870211731446712
25,1496.299999999997,8,25411,0.11903962399180702
26,711.4999999999997,0,7164,0.1407176783630175
27,1530.1999999999987,8,25396,0.12065359149360003
28,1327.3999999999983,5,24312,0.12201390605725297
29,1324.5999999999983,5,24450,0.11648041259414721
30,601.0999999999999,9,5024,0.13063602451166037
31,1330.4999999999977,5,24904,0.11038345392160905
32,1549.599999999997,7,27539,0.10353591615951074
33,1244.1999999999987,8,23691,0.14185513248274634
34,1229.799999999999,5,23925,0.14484038653407838
35,778.7999999999996,0,7440,0.12173763974011051
36,888.799999999999,6,12423,0.13902116021139366
37,1259.799999999999,5,24042,0.13382204064079414
38,673.5999999999999,1,6835,0.13348521696650845
39,1207.2999999999988,5,23971,0.1370890920343737
40,941.0999999999998,6,12722,0.12349600719649229
41,711.6999999999998,0,7176,0.13391270765947783
42,755.8999999999996,0,7440,0.12005047844390822
43,765.5000000000002,9,5324,0.11054947262988231
44,751.2,9,5469,0.10574010555065692
45,1245.7999999999995,8,23971,0.1240579097242148
46,789.0999999999995,0,7752,0.11401580968748233
47,1393.1999999999966,5,24783,0.11248931546858788
48,1334.1999999999975,5,24203,0.12950919311324666
49,816.7999999999995,1,7506,0.09741759902008555
50,1425.7999999999977,5,24565,0.12587510742470065
51,1301.799999999998,5,24205,0.12355392565970368
52,1214.3999999999985,8,23680,0.1445789945523764
53,732.6,9,5498,0.10210706861355295
54,1593.6999999999991,3,28238,0.0893020093297596
55,1025.1999999999991,6,13181,0.10468367276359615
56,1401.3999999999987,8,24856,0.12321494071372353
57,1426.8999999999983,8,24049,0.13125021043515442
58,1363.8999999999983,8,24326,0.14029266051142553
59,899.7999999999992,0,8568,0.09066265467198546
60,1265.5999999999976,5,24168,0.12157954605772944
61,1213.2999999999986,6,16758,0.08161408986320087
62,1436.0999999999965,8,25261,0.10862100941642396
63,881.1999999999992,1,8473,0.07780090913473572
64,1242.499999999998,5,23921,0.13443906760864735
65,981.4999999999987,9,9195,0.07877220337456715
66,852.6999999999997,6,12412,0.13937626107840262
67,1403.1999999999978,5,24556,0.11482859280094605
68,960.7999999999996,6,12855,0.10249683386833028
69,855.1999999999997,6,12416,0.14274392914383238
70,740.0999999999997,9,5601,0.0985394873236848
71,1426.199999999998,8,24280,0.13681552036892689
72,1318.7999999999988,5,24516,0.12420713133711979
73,1248.1999999999982,8,23914,0.13363745043249026
74,1248.0999999999979,5,24157,0.12542551962493068
75,1292.4999999999986,5,24200,0.12862614715963835
76,684.7000000000002,9,5478,0.10332930013145904
77,1414.0999999999976,8,24848,0.12606794152539091
78,1003.9999999999993,9,9271,0.0784204848587526
79,708.3,9,5332,0.11161332817811832
80,1626.6999999999978,7,27614,0.10469952491589019
81,783.7999999999995,1,6883,0.1426644120108883
82,518.7000000000003,10,2729,0.052076392843604956
83,721.7999999999998,1,7039,0.12865381406756574
84,1165.7999999999984,5,23901,0.14025497485003444
85,1321.4999999999986,5,24298,0.12465633338888839
86,938.2999999999995,6,12531,0.12264718108305195
87,1044.399999999999,0,11317,0.08149063726418262
88,1401.1999999999978,5,24421,0.1321754812839075
89,825.8999999999996,9,5883,0.08588983968528892
90,1238.1999999999978,5,23909,0.14295724168294932
91,1209.7999999999981,5,23924,0.1426911543716375
92,937.9999999999985,9,9045,0.08058906732055145
93,1629.7999999999986,3,28938,0.08287097298021334
94,891.4999999999994,6,12495,0.1309044850438079
95,1408.699999999998,5,24509,0.12740021568248433
96,1258.999999999999,8,23697,0.14287182950525837
97,1235.999999999999,8,23664,0.14860116395768014
98,689.5,1,6825,0.1430641814727895
99,1244.0999999999988,8,23720,0.14286251684596227
100,837.1999999999996,6,12448,0.13501760240435517
101,670.5000000000002,9,5366,0.11226139220033074
102,1364.099999999998,8,24373,0.12788117080298317
103,730.9999999999995,1,7040,0.12787000734140738
104,1277.9999999999989,5,24213,0.12539259751199888
105,857.6999999999996,0,7797,0.10088065734945031
106,1280.399999999998,5,24588,0.11957008507821969
107,686.2999999999998,9,5419,0.09702545746088842
108,860.9999999999999,1,7827,0.09273606574755355
109,694.5999999999999,0,7255,0.12233860919160691
110,1397.3999999999978,8,24924,0.10317346484315029
111,834.4999999999993,1,7069,0.13567327229882092
112,968.0999999999998,6,13001,0.11961600801747203
113,697.0000000000003,9,5357,0.11649704336750183
114,743.8000000000001,9,5140,0.13968786293475305
115,864.5999999999991,1,8557,0.07153555963645648
116,772.1000000000003,9,5151,0.143638955257921
117,1394.599999999998,5,24364,0.135274129517025
118,1288.5999999999992,8,24004,0.1320415498307715
119,1642.099999999994,7,28133,0.09493611712278255
120,1217.5999999999985,8,23675,0.13756670778291671
121,1554.1999999999978,7,27563,0.10333788649621288
122,1207.599999999998,5,23913,0.13798326158617175
123,1277.8999999999987,8,24129,0.13029385725501966
124,1677.7999999999975,7,27686,0.10527682522121998
125,1252.2999999999988,8,23944,0.13108651324320722
126,1067.299999999999,6,13365,0.10679628310015524
127,994.4999999999994,0,9331,0.07647815543460425
128,702.3999999999999,9,5590,0.07969474223281578
129,1036.1999999999994,9,9195,0.08152822176350105
130,1212.5999999999995,5,23886,0.13922494327542795
131,1286.999999999998,8,23785,0.13705311243239016
132,1732.7999999999975,7,27686,0.10674389564129319
133,1406.999999999997,5,24507,0.1180187023058653
134,1209.0999999999979,6,16661,0.08491713462947481
135,807.9999999999998,1,7540,0.09300337938803963
136,1546.1999999999969,8,25260,0.11455421250413643
137,781.7999999999996,0,7804,0.10277113823640681
138,240.09999999999997,9,340,0.09617825044953375
139,451.00000000000006,10,1562,0.08621218694648641
140,1009.7999999999988,1,11639,0.06047575819502245
141,1242.4999999999977,5,23962,0.13820141354269275
142,1241.6999999999985,5,23905,0.13820411455533949
143,615.6000000000003,9,5066,0.12754219502994787
144,1379.4999999999982,5,24783,0.11180705940613764
145,1342.799999999999,5,24364,0.1321342566961924
146,1677.1999999999978,7,27707,0.10446743438752984
147,1046.299999999999,6,13252,0.10760269028325335
148,766.1999999999997,0,7509,0.1049097124493534
149,1077.8999999999987,6,13436,0.09981237914744268
150,853.0999999999998,6,12404,0.1447420592604127
151,1631.3999999999967,3,28915,0.0827575541137262
152,396.1000000000003,10,1419,0.0789279346755117
153,1201.6999999999987,5,23953,0.1353041467037539
154,933.5999999999992,0,8293,0.0902622630552301
155,745.2999999999995,0,7247,0.12409683393122459
156,851.7999999999997,6,12433,0.13605000551816956
157,889.5999999999999,6,12456,0.1352639093700711
158,808.3999999999997,0,7841,0.10247477343106441
159,1003.6999999999996,9,9113,0.08221930454678496
160,985.0999999999998,6,13058,0.1170812234732621
161,1420.399999999999,8,25151,0.10664091208377961
162,1318.6999999999978,5,24588,0.12211270295417352
163,1317.8999999999983,5,24497,0.12796411781782188
164,1388.7999999999972,8,24339,0.14043554282559004
165,802.5999999999996,0,7520,0.10710411627200274
166,1387.0999999999974,5,24540,0.12579177374905157
167,1213.6999999999987,8,23666,0.1463137722973003
168,692.6999999999999,1,6824,0.12817469425809044
169,1166.9999999999998,5,23877,0.14401264219284837
170,1374.899999999999,8,24333,0.13584500420193016
171,1406.3999999999983,8,24848,0.124811996611165
172,873.2999999999995,6,12414,0.1427902494763066
173,997.3999999999999,6,12756,0.12064823453092101
174,970.6999999999995,6,13126,0.11187318172287668
175,844.8000000000002,6,12409,0.14076139716185063
176,1321.099999999998,5,24396,0.12274247819396521
177,1348.899999999997,8,24205,0.12220468231709292
178,1534.8999999999976,7,27539,0.10286849240692257
179,901.1999999999994,6,12433,0.13926477353705494
180,1223.1999999999991,8,23662,0.1489733444706178
181,875.0999999999997,6,12445,0.13530032640216227
182,1240.7999999999986,8,23657,0.15036167303697742
183,444.9000000000001,10,1564,0.08572580425579668
184,1062.6999999999991,1,9594,0.07257672923547456
185,1324.9999999999984,5,24554,0.12480003053676801
186,1536.3999999999985,8,25396,0.12321333085405604
187,1259.7999999999986,5,24007,0.13633917181263885
188,942.8000000000001,6,12450,0.1455473728989946
189,1458.9999999999975,8,24065,0.12949551200579767
190,1260.0999999999997,8,23653,0.1521777286085632
191,1228.2999999999981,5,24023,0.13560800579857643
192,838.9999999999995,6,12411,0.14210319793248857
193,997.9999999999997,6,12862,0.1142188200551077
194,176.1,9,219,0.10240469215223726
195,1028.199999999999,9,9094,0.08070749054998133
196,996.7999999999995,9,9066,0.08239300073078343
197,1144.3999999999987,8,23723,0.13820418216293326
198,1295.1999999999987,5,24209,0.11762747793758774
199,1197.3999999999987,5,23914,0.1383493994443735
200,729.8999999999996,0,7296,0.1307523228569655
201,855.4999999999992,0,7783,0.10164859773349319
202,767.5999999999998,1,7444,0.09828130672139324
203,749.1999999999995,0,7296,0.12967698839921055
204,769.6,1,7214,0.10563011122728616
205,1334.2999999999986,5,24514,0.12714443419382487
206,1126.499999999999,5,23871,0.14224086574138228
207,1306.3999999999983,8,23785,0.14319560732289513
208,1220.7999999999988,8,23678,0.14389197355554925
209,892.5999999999997,6,12480,0.13118012973745494
210,343.00000000000006,10,1284,0.0973132206137936
211,846.6999999999995,6,12405,0.140588289592198
212,1243.3999999999985,8,23842,0.14589656129046108
213,656.6999999999999,1,6804,0.13679992131912427
214,843.0999999999995,1,7105,0.12662846744096445
215,767.2999999999998,9,5187,0.11899605101690054
216,684.9999999999998,1,6876,0.1250658390439029
217,1362.0999999999976,8,24326,0.1401388063570461
218,1758.6999999999955,7,29067,0.09391414666327372
219,1206.8999999999985,8,23663,0.1460163465142654
220,1469.4999999999973,7,27569,0.10033713915398478
221,778.0000000000001,1,7056,0.12333898974087967
222,881.0999999999996,6,12463,0.12203390041291894
223,1267.0999999999985,8,23733,0.13775819005139145
224,776.0999999999997,0,7383,0.12289003863601912
225,780.3999999999997,0,7499,0.11347835983062045
226,1282.399999999999,8,24127,0.1304481019662043
227,444.5000000000002,10,1841,0.06391810062897771
228,248.99999999999994,9,328,0.1156470091999156
229,1295.6999999999987,5,24026,0.1348833825535468
230,1260.6999999999994,8,23653,0.15216952922581062
231,1344.9999999999995,6,16605,0.08996586434462861
232,1334.3999999999978,5,24696,0.11168468057558117
233,1253.299999999998,6,14904,0.07771227037061901
234,1390.3999999999983,5,24853,0.11223840627556944
235,985.5999999999993,6,12527,0.11832443779546918
236,1386.399999999999,2,25011,0.10478272536504431
237,279.9,10,1050,0.12330231122710414
238,1018.1999999999995,0,11294,0.08131126231659225
239,1567.0999999999972,3,28222,0.08923819425147755
240,1010.8999999999993,6,13181,0.1043849108588252
241,682.3,9,5365,0.11307907108711257
242,1232.499999999999,8,23689,0.1474390252979594
243,850.8999999999993,6,12428,0.1335219434164396
244,419.8000000000001,10,1402,0.08284454261371013
245,757.4000000000002,1,6944,0.12365692352408145
246,709.8,0,7193,0.13144908276474424
247,1322.3999999999983,8,24336,0.12149170428082919
248,1334.4999999999984,8,24020,0.13288056175526242
249,1320.1999999999987,8,24326,0.13803633799881881
250,1190.9999999999989,6,14715,0.08103559175410399
251,738.7999999999998,0,7374,0.12196454080587084
252,1032.3,0,11386,0.0773742266247775
253,1276.399999999998,5,24112,0.1252579946376542
254,1183.0999999999976,5,23890,0.14044688265147642
255,1681.3999999999962,3,28239,0.0905752412710933
256,917.6999999999995,6,12574,0.12744225774543808
257,1021.4999999999994,6,13133,0.10202033839653589
258,416.7000000000001,10,1520,0.07496713908599302
259,1434.9999999999984,2,25103,0.09924861071531153
260,899.1999999999994,6,12449,0.13389541309013125
261,1566.8999999999987,3,28277,0.08652911252564939
262,762.8000000000003,9,5482,0.10497567049506934
263,1165.8999999999996,5,23928,0.13773183511741785
264,701.4000000000003,9,5079,0.1459563363912147
265,730.9999999999995,9,5626,0.09253242347210719
266,1164.199999999999,6,14526,0.08654831644242128
267,1269.7999999999988,5,24609,0.11792258313121413
268,390.7,10,1811,0.07138068433603315
269,662.0999999999998,1,6824,0.13723493762191238
270,533.8000000000002,9,4950,0.14493719353546478
271,1014.7999999999995,0,11227,0.08235919817261683
272,588.6999999999999,9,4998,0.13097334287370677
273,789.9999999999998,9,5853,0.08818870135490726
274,1672.6999999999973,7,27686,0.10554910005015682
275,1238.399999999998,8,23909,0.12026888490576586
276,1308.1999999999982,8,24054,0.1291734208816153
277,1427.399999999998,5,25674,0.09401911328589077
278,1457.4999999999975,8,24565,0.12705025856658456
279,1353.799999999999,5,24387,0.13155212662853008
280,868.9,0,8425,0.08218300970904835
281,1099.5999999999985,6,14175,0.08733337555332127
282,1299.1999999999985,5,24523,0.12545024915638422
283,919.4999999999995,6,12614,0.12626462714545283
284,1605.699999999997,7,27659,0.10391638626835402
285,1386.8999999999976,5,24823,0.11072639774544558
286,738.8999999999995,1,6856,0.14796709448051357
287,1202.099999999999,5,23888,0.14314204817746454
288,361.5000000000002,10,1452,0.07034411560971314
289,1425.2999999999986,8,24280,0.13688209587745354
290,1529.0999999999976,7,27569,0.10251458677056763
291,1216.1999999999987,5,23916,0.1452903812529803
292,1349.4999999999989,8,24326,0.13940020503762146
293,886.7999999999995,6,12443,0.137980962009755
294,959.7999999999994,6,12493,0.13027117381104422
295,585.6,10,5242,0.07118747420498958
296,1379.8999999999971,5,24409,0.13146115360548974
297,1258.3999999999987,8,23956,0.12476517668967652
298,987.499999999999,6,13072,0.11674063394871169
299,697.8000000000002,1,6867,0.14326278591458805
300,759.2999999999995,0,7301,0.12847009038730228
301,1396.4999999999975,8,23823,0.1439579296409574
302,755.9999999999997,9,5601,0.10045024400540821
303,549.9000000000001,9,4979,0.1403661649817889
304,1218.7999999999986,8,23859,0.1250086973639903
305,1513.899999999998,7,27581,0.10230999332994777
306,1349.9999999999984,8,24326,0.13986292487173344
307,1486.5999999999958,5,26010,0.09633092771343298
308,735.4000000000003,9,5175,0.13015211980955918
309,176.09999999999997,9,143,0.08478594502913737
310,686.3999999999999,1,7014,0.11637669578446262
311,602.6000000000001,9,5008,0.12234688808191824
312,779.7000000000002,9,5839,0.08888878784533909
313,1340.199999999997,5,24380,0.12212804945604305
314,668.1000000000001,9,5155,0.11841559038296756
315,792.6999999999998,1,7056,0.12467617556034456
316,829.5999999999996,0,7717,0.09921616187138196
317,336.70000000000005,10,1214,0.09019166443310474
318,662.9,9,5376,0.10868772825323093
319,1211.599999999999,5,23898,0.13539416252509875
320,673.8,0,7184,0.12256562002263056
321,873.9999999999994,1,8554,0.07515838538261987
322,1379.199999999998,8,24326,0.14115720411721602
323,1536.5999999999965,3,28699,0.08154563234616148
324,1361.9999999999973,5,24189,0.11309923213827458
325,1303.7999999999986,5,24324,0.11702393664633498
326,1250.9999999999982,8,23772,0.1440488498929598
327,875.7,6,12438,0.14171255369582775
328,773.4,1,7433,0.09200694896028529
329,675.4000000000001,10,5314,0.07481120567596501
330,1223.699999999999,6,16704,0.08514356004043713
331,1592.5999999999967,7,27573,0.10310650726530299
332,1161.7999999999993,8,23663,0.1405844143634841
333,680.3000000000001,0,7158,0.1393943443491362
334,704.9000000000001,1,7018,0.11634379730857512
335,1217.499999999999,5,23975,0.13338622683558807
336,910.0999999999993,6,12607,0.12512002194294625
337,1279.7999999999986,8,23944,0.13212729015520222
338,222.90000000000003,9,445,0.06620983935985442
339,992.9999999999995,6,12877,0.1018189066995545
340,1238.199999999999,8,23686,0.14648455810185976
341,750.0000000000002,9,5129,0.14654661481874376
342,1347.6999999999987,8,24895,0.11961489375481475
343,1280.6999999999982,5,24012,0.1322732597248385
344,1237.199999999999,5,24103,0.12500250997902154
345,773.6,1,7016,0.1348972424879476
346,689.6000000000004,9,5464,0.10575868158994454
347,774.1999999999998,1,7367,0.1026522386137257
348,692.6999999999999,0,7265,0.12226244606530152
349,735.1999999999995,0,7225,0.12055792648938556
350,814.0999999999998,1,7599,0.08467742404668302
351,1205.6999999999991,8,23706,0.13897486631202044
352,959.5999999999993,1,9026,0.07639337285774016
353,922.2999999999997,9,9113,0.07815042089302629
354,1006.6999999999989,1,11639,0.06029391880471749
355,1384.5999999999988,8,24124,0.14045370322744669
356,1342.2999999999995,5,24372,0.12503996711044252
357,261.9,10,1037,0.1449853151039926
358,1338.8999999999974,5,24566,0.12407590589579873
359,978.3999999999988,9,9045,0.08226370749057929
360,1207.7999999999981,5,24001,0.13170967638489814
361,1371.1999999999973,8,24373,0.12864462612507566
362,1177.5999999999985,5,23909,0.13840186542577737
363,1420.9999999999986,8,25351,0.10684618501114164
364,679.5000000000001,9,5175,0.12078027266504095
365,1273.0999999999983,5,23978,0.13273159878759835
366,654.8,9,5260,0.11508226964734435
367,1086.6999999999991,6,13315,0.09300197423528997
368,647.3999999999999,1,6789,0.14591864669540383
369,1273.4999999999984,6,16746,0.0840560967387387
370,797.6999999999994,0,7722,0.09737041062661667
371,861.3999999999994,0,7783,0.1022526890778101
372,787.3000000000002,0,7563,0.09980091764604575
373,1362.899999999998,8,23978,0.13087109240647102
374,503.8,10,2030,0.07706550481340727
375,1253.8999999999992,8,23960,0.12589531882086277
376,1345.6999999999982,8,24348,0.1365590301179596
377,1203.2999999999986,5,23888,0.14366615237673344
378,1324.199999999998,5,24492,0.12834758777663544
379,1433.3999999999976,8,24049,0.13137149178463348
380,748.8999999999999,9,5121,0.14422424465859773
381,916.1,6,12498,0.12579374577005495
382,795.4999999999995,0,7887,0.09470014058516313
383,1189.9999999999995,8,23653,0.14865501579890988
384,1016.9999999999995,6,13219,0.1057830074979871
385,1376.0999999999976,8,23900,0.12468989439433105
386,592.3000000000001,9,4998,0.13173156098582542
387,691.3000000000002,0,7185,0.1339113613357195
388,121.10000000000001,9,101,0.12419958737281422
389,1064.9999999999989,6,13326,0.10661146635326317
390,1305.4999999999982,8,23787,0.13896425325208608
391,1206.9999999999982,8,23680,0.1443191867102746
392,928.6999999999998,6,12485,0.1336136002423666
393,1262.1999999999991,8,23653,0.1523124273097335
394,1278.7999999999981,5,23990,0.12792005515157104
395,715.4999999999995,0,7362,0.1181063249161872
396,767.6,0,7750,0.10981999170201577
397,722.8999999999999,1,7040,0.12741864484423834
398,879.7999999999995,6,12453,0.12748693257876437
399,642.6,1,6808,0.13521654330705918
400,654.1999999999996,1,6793,0.13914983104247056
401,1247.399999999998,5,23896,0.13934678159258598
402,498.80000000000024,10,2047,0.06632962276492001
403,1670.9999999999961,7,27666,0.10520236395838234
404,954.9999999999998,6,12707,0.12329062350852558
405,807.0000000000002,1,7015,0.12069306046887962
406,722.4999999999998,0,7415,0.10834938338393836
407,1383.0999999999976,5,24384,0.13347885025978895
408,570.8,9,4953,0.14737855992428292
409,890.7999999999996,6,12439,0.13751756251215708
410,749.7999999999996,1,7040,0.13117849031568163
411,298.50000000000006,10,1064,0.09737121447330237
412,954.8999999999995,6,12710,0.12150713289336101
413,811.0999999999998,1,7344,0.10045465398209041
414,673.7,10,5435,0.07021002965964619
415,1150.8999999999987,5,23871,0.14425798459957487
416,1364.8999999999987,5,24396,0.1323132685785053
417,781.4000000000001,1,7016,0.1358147597235435
418,696.7999999999998,9,5146,0.1357723243637514
419,1352.6999999999982,5,24441,0.11787337676090129
420,902.2999999999996,6,12578,0.12136920772893475
421,1417.099999999998,8,24371,0.13289334414773904
422,1255.8999999999992,5,23988,0.13550976545862958
423,1387.4999999999982,8,24922,0.11938363224467267
424,946.899999999999,6,12493,0.12864150049886164
425,1168.6999999999982,5,23877,0.13936205313089634
426,719.9999999999997,1,7014,0.10682767779809724
427,916.9999999999995,0,8330,0.08898460515370808
428,695.8999999999997,0,7236,0.1304550959371041
429,766.5999999999996,0,7583,0.1044041708042834
430,1300.199999999998,5,24597,0.11943445223289881
431,1343.399999999999,5,24380,0.1226775428458185
432,767.4,1,7015,0.11715582170519091
433,797.8999999999997,0,7620,0.10126007018392479
434,1296.9999999999977,8,24106,0.12700414987793562
435,1302.099999999998,5,24612,0.11917277699193161
436,1652.5999999999963,7,29023,0.0907803089988456
437,1236.9999999999977,5,23940,0.14202947883054748
438,1387.6999999999985,8,24454,0.13867077242073994
439,778.6999999999997,0,7804,0.10245321325273606
440,719.4999999999998,0,7301,0.12410195839946582
441,1316.6,6,15430,0.069898553805297
442,865.8999999999995,1,7827,0.08616897438133837
443,1255.4999999999982,5,23936,0.13891653134546939
444,617.2,10,5267,0.07265434877660237
445,699.7000000000003,9,5067,0.1484864456784198
446,1304.299999999998,6,17380,0.07578279219563404
447,1153.6999999999982,8,23654,0.14487333735965183
448,1172.799999999999,8,23662,0.146223956803094
449,946.1999999999988,6,12496,0.12798602986008983
450,1636.0999999999972,7,27707,0.10301802257549411
451,632.7000000000004,9,5035,0.12421411505230577
452,1207.899999999999,5,23895,0.14301120513131818
453,906.5999999999996,6,12567,0.1183641878705045
454,1198.9999999999982,8,23654,0.14726685221531957
455,1019.2999999999994,6,13305,0.1062841991884512
456,1194.299999999999,8,23658,0.14550488254687283
457,928.3999999999997,6,12635,0.11275537640718582
458,347.80000000000007,10,1278,0.07607193558180313
459,1325.399999999998,5,24672,0.11779075601250054
460,1191.599999999998,0,14043,0.059832348785998614
461,801.6999999999999,1,7279,0.10729906113689772
462,1322.7999999999988,5,24395,0.12072341209488538
463,1185.899999999998,5,23871,0.1467521194720095
464,1263.4999999999993,8,23663,0.14886046847059822
465,666.0999999999999,1,6793,0.14325940833127496
466,1127.4999999999989,5,23871,0.14224116838407394
467,1170.6999999999994,5,23914,0.13971997619968093
468,1427.0999999999979,5,24679,0.1087279724477941
469,1353.2999999999977,8,23929,0.138114201032205
470,974.5999999999997,6,12937,0.10087877762880029
471,1409.5999999999983,5,25103,0.09937740338257753
472,1254.9999999999982,8,23960,0.12665400572608862
473,1153.2999999999977,8,23663,0.14178796244547806
474,842.9999999999997,1,7411,0.09754645837264504
475,554.1000000000004,9,4975,0.1347085523161357
476,1456.099999999999,8,24418,0.13434973605739917
477,1164.3999999999987,8,23653,0.1455574248232503
478,1389.5999999999988,8,24260,0.13684848968280264
479,1365.5999999999976,5,24693,0.12101541175190926
480,713.5999999999998,0,7532,0.11343454387544728
481,832.9999999999997,1,7827,0.09069773473491662
482,1214.3999999999985,8,23680,0.1446556964309646
483,637.6,1,6787,0.14025437118975817
484,873.2999999999992,6,12453,0.12860666331959406
485,744.4999999999998,0,7329,0.12600725578338423
486,251.10000000000005,10,1035,0.1418884834942969
487,1214.299999999999,8,23673,0.14005019403312005
488,1267.6999999999987,6,15580,0.07266906228228306
489,1435.7999999999977,5,24585,0.1259153452841186
490,1460.0999999999979,8,24565,0.12800100616819413
491,1440.1999999999991,8,24691,0.13140085666523382
492,1299.6999999999987,5,24245,0.11829364291976595
493,915.1999999999998,6,12566,0.12036166865215273
494,1305.3999999999983,8,23955,0.13372928451464874
495,1087.4999999999989,0,12094,0.07131896907273907
496,1371.2999999999981,5,25727,0.095123480955901
497,164.59999999999997,9,232,0.11208539093116869
498,709.9999999999999,1,6805,0.13977550573203265
499,765.5,1,7015,0.11570394925645813
500,692.6000000000003,1,6941,0.11362793341386929
501,725.4,0,7322,0.12587419324357085
502,814.7,9,5203,0.1185284866818226
503,1403.7999999999984,8,24260,0.13799590058258238
504,617.1000000000001,1,6786,0.14579790117245925
505,665.0,0,7177,0.1282639119863041
506,1168.6999999999982,0,11453,0.08248424599126589
507,1353.8999999999983,5,24416,0.12758511477603254
508,1253.1999999999987,5,23947,0.1353400864137192
509,1160.2999999999988,6,14272,0.08829591052806376
510,649.0,0,7174,0.13698217214229863
511,1020.0999999999989,6,13205,0.10448895655395672
512,976.3999999999995,6,12742,0.1189998032921345
513,1545.4999999999957,7,27614,0.10322952409057817
514,1207.7999999999995,8,23653,0.15101924924276647
515,875.7999999999995,6,12423,0.13342417662881298
516,1308.9999999999975,5,24600,0.12266614094122326
517,789.0999999999998,0,7971,0.09332087111524766
518,898.5999999999997,6,12428,0.1400891443470346
519,852.9000000000001,6,12466,0.13395713522330135
520,1332.0999999999997,5,24708,0.10818852104832195
521,715.5000000000002,0,7241,0.11999510970489605
522,1157.9999999999984,5,23903,0.13858373876398938
523,1391.2999999999984,5,24521,0.1251828557994436
524,854.4999999999993,0,7847,0.09736226921911538
525,1202.6999999999996,5,23955,0.13831408026584066
526,945.4999999999995,6,12816,0.11085923225306284
527,1264.3999999999994,5,24089,0.13337806054826043
528,801.8999999999994,0,7886,0.09697627830114976
529,900.3999999999993,6,12461,0.13815385901469177
530,767.5999999999998,0,7387,0.11445225131626767
531,1347.6999999999985,8,24326,0.14064518436306295
532,1269.799999999998,5,23899,0.14151118171553892
533,1396.5999999999983,2,25011,0.1053396694288419
534,1371.0999999999972,8,24221,0.13009928222416933
535,1004.899999999999,1,10988,0.0717903919380034
536,1477.6999999999962,7,27539,0.1026141192227633
537,1410.199999999999,8,24283,0.13496746965208567
538,276.1,9,329,0.1043192239747446
539,955.4999999999998,6,12728,0.11104017405120954
540,1347.5999999999979,8,24333,0.1364084443406258
541,1427.3999999999992,8,24454,0.1409173133463261
542,605.3,9,5028,0.1227901209306431
543,1474.6999999999975,6,17141,0.08212199180161775
544,739.3999999999996,0,7469,0.11112139055517746
545,699.3000000000001,0,7318,0.12400466339656908
546,1100.399999999999,6,13139,0.09634814061351533
547,1218.4999999999975,5,23897,0.1404637747146893
548,1188.1999999999978,5,23894,0.14256613903936552
549,1322.6999999999985,8,24326,0.13828316248637576
550,656.6000000000004,1,6802,0.13721177454718886
551,1041.9999999999986,6,12654,0.1166042090843934
552,1533.5999999999967,7,27563,0.1022260205450386
553,750.9999999999999,0,7290,0.13465171122930525
554,663.4000000000001,0,7180,0.12543128637646675
555,735.6,1,7058,0.11235161370783839
556,777.6999999999994,1,7466,0.10545783915584112
557,1204.0999999999988,8,23654,0.14830376084959568
558,743.2999999999998,0,7275,0.1360563958976339
559,749.5999999999999,1,6835,0.12778278029792856
560,852.8999999999996,0,7797,0.10039750968245158
561,492.20000000000033,10,2024,0.04803393605766146
562,976.9999999999998,6,12644,0.12241519509003666
563,799.0999999999993,1,7503,0.10384706448192146
564,1223.2999999999984,5,24121,0.11688224168535359
565,804.0999999999999,1,7056,0.12548058736748205
566,652.4,1,6790,0.14209701380008524
567,1179.2999999999988,5,23920,0.13388279354653151
568,969.6999999999996,6,13024,0.10129831230209216
569,1248.399999999999,8,23702,0.139177572187713
570,1184.5999999999979,5,23874,0.1428034597467058
571,1233.9999999999995,5,24004,0.13606941040390372
572,569.0000000000001,9,4952,0.15010134648106024
573,716.9999999999999,10,4422,0.0500664072334402
574,1138.8999999999999,6,13882,0.08528240380356923
575,1286.899999999999,8,23941,0.14127117481486928
576,1154.3999999999999,5,23878,0.14106052944768818
577,943.2999999999996,6,12669,0.1183633168557556
578,1155.2999999999993,5,23887,0.13973667864567704
579,896.6999999999998,6,12578,0.11639532175777446
580,1315.0999999999976,8,24007,0.12976974193574217
581,1188.8999999999987,5,23876,0.1450011461218822
582,1288.199999999999,5,24302,0.13166593569126955
583,905.3999999999996,6,12639,0.12429062210986852
584,1348.2999999999986,8,23952,0.133591699916026
585,1311.5999999999979,5,25008,0.10245936731414398
586,268.40000000000003,10,1043,0.12073531841525562
587,879.6999999999997,0,7912,0.10669476490348802
588,1231.7999999999984,5,23938,0.13577853827508926
589,1409.299999999997,5,25037,0.10081341232737409
590,891.0999999999999,0,7541,0.09225953941926501
591,1390.6999999999987,5,24422,0.13069218987834472
592,1254.4999999999982,6,16688,0.08358375224186
593,1368.9999999999973,8,24373,0.12889142990147223
594,901.4999999999994,9,9104,0.07634271351495901
595,1244.6999999999991,8,23657,0.15201414446334718
596,725.9000000000001,1,6824,0.12965148476224914
597,1152.1999999999987,8,23653,0.14606333146107117
598,1585.1999999999978,3,28124,0.09130518763474074
599,716.9000000000003,9,5187,0.11704625565808757
600,696.1999999999997,1,6850,0.13312900898342309
601,643.7000000000003,1,6805,0.13349915516956015
602,660.5999999999999,1,6815,0.1320617955675317
603,612.8999999999999,9,5016,0.13380353604019335
604,1423.0999999999979,5,25040,0.10321914724081767
605,817.6999999999999,0,7793,0.11121815262760366
606,1318.6999999999978,8,24045,0.13025257777106064
607,1689.599999999997,7,27685,0.10561269407764365
608,176.6,9,243,0.10836422977595978
609,1409.699999999998,8,23866,0.1423384084090553
610,818.0,0,7841,0.09054179014815573
611,1115.9999999999995,0,12291,0.06765592133822595
612,1195.1999999999994,5,23945,0.13814577906476488
613,1162.2999999999981,6,14458,0.08813117453324011
614,1595.3999999999958,3,28907,0.08237516452279568
615,932.2999999999997,6,12452,0.13870515013355092
616,1195.4999999999986,8,23653,0.1498409432833917
617,1218.399999999998,8,23653,0.14874954999686424
618,752.5999999999999,0,7427,0.11196173619859746
619,726.8999999999999,0,7252,0.11208700827483162
620,1149.2999999999984,5,23871,0.14415320378900467
621,910.6999999999995,6,12795,0.11274635976439065
622,853.3999999999997,0,7892,0.09455463138516254
623,875.9999999999995,6,12423,0.1378151003743346
624,970.5999999999997,6,12749,0.11217962475312025
625,1413.7999999999981,8,23870,0.1438798400828151
626,687.2000000000004,9,5095,0.14197466918363935
627,896.5999999999996,6,12467,0.13350029132773014
628,743.5999999999998,9,5674,0.08761526476832018
629,1325.499999999997,8,24562,0.11283075880263958
630,714.9000000000001,1,6965,0.11744544162131881
631,886.8999999999997,6,12452,0.137028942514777
632,756.9,1,7292,0.09951238876121273
633,1193.2999999999986,8,23656,0.14458802496477627
634,1195.6999999999985,5,23895,0.1423503980669449
635,844.3999999999996,6,12412,0.14158560294040332
636,868.6999999999998,1,7329,0.11523305089750245
637,1207.5999999999979,8,23678,0.14077581750940432
638,441.8000000000001,10,1561,0.08211767964550222
639,1109.6000000000001,6,13684,0.08891755051640164
640,1428.5999999999976,8,24063,0.12605323634397902
641,970.5999999999996,9,9066,0.08098662801079222
642,985.9999999999994,6,13159,0.10431406157007184
643,1512.9999999999973,7,27623,0.10137238636405116
644,715.5000000000001,1,6986,0.11745664100005755
645,1207.4999999999989,8,23653,0.15083750438979165
646,725.9000000000003,9,5154,0.13158729337777084
647,696.5999999999998,9,5341,0.11700797176615545
648,848.9999999999994,6,12404,0.14103460081666883
649,930.9999999999999,0,8440,0.08241635594232445
650,799.5999999999996,1,7096,0.12547221050542684
651,1248.9000000000003,5,23919,0.13911317538040524
652,723.9000000000002,1,6897,0.1170295616989157
653,985.4999999999994,6,13076,0.11558609212961182
654,647.4,1,6789,0.1466190756052753
655,1689.799999999996,7,27614,0.10641611983028298
656,1009.4999999999994,0,11265,0.08179646174513366
657,573.7000000000002,9,4966,0.13594308462471924
658,1516.199999999996,7,27635,0.10096504672087374
659,1050.999999999999,6,13320,0.10383867918848014
660,826.8999999999993,0,7906,0.09043504915906345
661,788.2,0,7774,0.1109012356525563
662,1343.3999999999985,8,24848,0.12366520997503795
663,957.4999999999997,6,12627,0.12793634217492136
664,579.4000000000001,9,4951,0.15131413859705686
665,1564.9999999999973,3,28158,0.08848495176881327
666,1206.8999999999999,5,23955,0.1386367161923868
667,650.6999999999999,1,6787,0.14724604254535187
668,1299.899999999998,8,24044,0.12914845615612938
669,821.6999999999994,1,8186,0.08692288188805969
670,649.5,1,6786,0.14928926072013968
671,538.1000000000004,9,4966,0.14245981122906987
672,1036.499999999999,6,12962,0.11231253339764535
673,201.19999999999996,9,232,0.07213336154638905
674,1115.2999999999995,6,13567,0.09321175663840484
675,614.1,1,6789,0.13675788322078533
676,1221.9999999999986,8,23671,0.14655103119695642
677,1408.7999999999981,8,24454,0.13874632325274874
678,1225.6999999999996,5,23899,0.14467929420561076
679,268.1,10,1055,0.11139820411408696
680,439.50000000000045,10,1648,0.0746584031996647
681,1266.799999999999,5,24078,0.13342767309652898
682,635.4,0,7155,0.1293737039515603
683,1408.2999999999975,5,24565,0.12537998604902229
684,650.1,9,5058,0.14696985833863904
685,1186.2999999999981,8,23685,0.14707916024910586
686,1357.899999999998,5,24783,0.11184440409127797
687,1285.6999999999991,8,23994,0.1345784371174406
688,773.6999999999999,0,7608,0.09873249000221088
689,1251.799999999999,5,23975,0.13720025623101353
690,691.0999999999996,1,6855,0.13116331498111927
691,1183.0999999999976,5,23897,0.14057014560810818
692,634.6999999999999,9,5055,0.14293503012246325
693,1280.3999999999985,8,24005,0.14062399932197997
694,1245.4999999999984,5,24112,0.12661754894144645
695,637.1999999999999,1,6787,0.14016454620979224
696,1106.5999999999992,6,12942,0.10002989479891856
697,1332.4999999999975,8,24107,0.13755019065685492
698,1226.9999999999984,5,23996,0.13466590707264753
699,869.4999999999997,6,12403,0.14576597661109839
700,1190.6999999999994,8,24073,0.12469133314207964
701,1193.0999999999983,8,23664,0.1464009118951041
702,1067.2999999999995,6,13384,0.09674424129942849
703,1244.4999999999989,6,16664,0.08442693472739134
704,1385.4999999999977,8,24326,0.14223897120654272
705,953.9999999999995,6,12681,0.12177410805352078
706,695.3,1,6825,0.14382725633585025
707,850.1999999999995,0,8000,0.09623441507133725
708,629.4000000000002,9,5054,0.14538084535176948
709,622.4999999999999,1,6787,0.14048558269084666
710,833.2,6,12403,0.14462078021265232
711,624.1999999999999,9,5106,0.11970342670196672
712,1173.099999999998,8,23653,0.1477418653669617
713,756.7,1,6992,0.11275693370414387
714,1202.9999999999989,8,23654,0.14588324830207666
715,328.9000000000001,10,1131,0.10287144619569874
716,293.8,10,1077,0.10056071508625868
717,756.6999999999999,1,7203,0.10461426880625606
718,926.6999999999988,9,9045,0.08015497879203054
719,1226.1999999999985,5,23916,0.14598102055683188
720,1348.2999999999986,5,24611,0.1216295299583925
721,1428.1999999999978,5,24622,0.12404801886189615
722,849.4999999999997,1,7653,0.10126034930527796
723,1549.5999999999965,7,28056,0.09298902338344366
724,1292.599999999999,5,24043,0.13274574713383966
725,707.6000000000005,9,5154,0.13426803899339484
726,673.6999999999998,1,6805,0.13531263796284965
727,598.6000000000001,10,5317,0.06667452586166066
728,1054.0999999999988,6,13261,0.10517127403457138
729,1405.6999999999987,5,24510,0.12636672873184307
730,1195.6999999999985,5,23938,0.1339778381726789
731,410.0000000000003,10,1565,0.07537795931712224
732,676.2000000000003,0,7223,0.1303450246024465
733,1265.3999999999987,6,16631,0.08620784400012414
734,1298.4999999999973,5,24304,0.10896143398803555
735,1332.3999999999987,5,24108,0.12273591581157016
736,1416.5999999999965,5,25566,0.09873774154962908
737,840.1999999999999,1,7546,0.09185417537967326
738,1407.8999999999987,8,24023,0.13699694517727032
739,778.3000000000001,1,7041,0.13104560198100687
740,1278.899999999999,8,23826,0.13121337515182355
741,1213.699999999998,5,23905,0.1396738635481253
742,572.6999999999999,9,4988,0.1384221707917783
743,790.5,1,7485,0.09501287653382705
744,956.5999999999993,6,12731,0.1177343962315043
745,1164.599999999998,8,23655,0.14581322176220415
746,821.6999999999999,0,7532,0.09703767684681802
747,1193.6999999999987,8,23662,0.14803370995234735
748,784.4999999999995,0,7777,0.11049370637375017
749,1373.8999999999978,8,24260,0.13619710785312758
750,1273.7999999999981,5,24222,0.12303946659489098
751,173.00000000000006,9,197,0.10145142086639945
752,731.5999999999999,9,5154,0.13183915982996613
753,404.10000000000014,10,1382,0.07370687126407964
754,1516.3999999999974,3,28169,0.08858993168014868
755,813.7999999999995,1,7485,0.10426840569251873
756,760.4,1,6944,0.12415503188923413
757,1354.7999999999981,8,23929,0.1382702122141066
758,1146.5999999999985,5,23887,0.13904823197900334
759,1165.7999999999986,8,23653,0.14712217495232066
760,1264.2999999999986,5,24112,0.12673632058086357
761,1253.899999999999,5,24206,0.13009599662715182
762,1360.9999999999984,8,24326,0.14076183485646515
763,1265.499999999998,8,23768,0.13766284969886033
764,1225.0999999999992,5,24088,0.12110490012297283
765,866.8999999999992,6,12483,0.12376485917957701
766,1550.8999999999983,8,25444,0.12069120860771082
767,1041.3999999999992,0,11227,0.0837843700438422
768,832.5999999999999,1,7329,0.11433564839611272
769,757.9999999999999,1,7041,0.1318746808745544
770,583.3000000000003,9,4953,0.14879286060681332
771,768.8999999999997,0,7374,0.12392245664301642
772,1340.1999999999985,8,23880,0.1262950800199094
773,760.6,0,7348,0.1193431675149332
774,1320.7999999999981,5,24636,0.10849045949534086
775,1020.5999999999991,6,13320,0.10227931268558245
776,863.5,1,7632,0.07835661745074098
777,658.3000000000001,1,6827,0.12693699746562725
778,1053.3999999999992,6,13437,0.09281526578482192
779,1470.6999999999985,8,24051,0.1323222224243744
780,846.2999999999995,6,12440,0.13568890017386612
781,900.5999999999995,6,12465,0.1322819803319722
782,1389.4999999999982,5,24610,0.10911897749356825
783,1029.0999999999995,6,13233,0.10317292198318102
784,1313.7999999999981,5,24568,0.11719625787147328
785,742.1,0,7315,0.1187055060277466
786,928.6999999999995,6,12689,0.12353765374492043
787,642.8,1,6790,0.14063802776445355
788,1237.8999999999983,5,24004,0.13677953217784244
789,644.8000000000002,9,5058,0.14722780368064806
790,1217.0999999999983,5,24112,0.12474420761917815
791,846.4999999999995,6,12404,0.13980740058176255
792,773.2,0,7649,0.10187924510345539
793,1198.6999999999982,5,23887,0.14283969319469247
794,1264.6999999999987,5,24123,0.1267454212561261
795,804.8999999999997,0,7626,0.10629913800761173
796,1051.6999999999996,0,12245,0.06523115765482145
797,565.9,9,4961,0.14574199313806238
798,1180.5999999999995,8,23653,0.14837417164104139
799,626.6000000000003,9,5071,0.1383308175694694
800,426.5000000000001,10,1548,0.08503814045363305
801,392.90000000000003,10,1360,0.09046318598602306
802,886.5999999999997,6,12628,0.12051022465504467
803,710.4999999999998,9,5617,0.09563352210605046
804,1288.7999999999986,6,17380,0.07504195090925994
805,1404.9999999999973,5,25488,0.1015683665481556
806,740.7999999999994,1,7043,0.12769195573529596
807,729.5,0,7322,0.12707946666763367
808,745.3999999999997,0,7652,0.10376494835028996
809,734.3999999999999,0,7322,0.1278732621343022
810,609.1999999999999,9,5028,0.12365638465967631
811,1194.9999999999995,5,23981,0.1337785359260759
812,1177.3999999999985,5,23897,0.14001099007638165
813,1047.8999999999992,1,11110,0.06972223229277659
814,1265.7999999999997,8,23653,0.15260851051232174
815,1385.9999999999984,5,24548,0.12544899855978314
816,656.9000000000001,0,7192,0.13490986110272726
817,1534.699999999997,7,27539,0.1050853807096136
818,959.4999999999995,6,12655,0.10634621469931718
819,905.6999999999996,6,12471,0.13690250688130415
820,1442.299999999999,8,24691,0.13151073936172844
821,1182.5999999999979,5,23887,0.1419257854244256
822,1338.7999999999988,8,24326,0.13876453542841466
823,1272.199999999999,8,23945,0.1315249219852452
824,638.5000000000002,1,6875,0.11907141950462945
825,1139.1999999999987,8,23653,0.14363814822319423
826,758.3000000000001,9,5159,0.13894871393536806
827,855.8999999999994,6,12458,0.12472829020157492
828,1255.1999999999987,5,23897,0.14246214981516886
829,1271.8999999999974,5,24042,0.12432450887863467
830,723.8999999999996,0,7322,0.12659766636723072
831,1379.2999999999988,5,24805,0.11380471546102615
832,1201.1999999999982,0,12368,0.07048235956648326
833,1160.1999999999991,5,23896,0.13491633178058657
834,489.90000000000055,10,2680,0.05739271883301261
835,698.8999999999999,0,7329,0.12259523219611239
836,1355.0999999999995,8,25249,0.10515956188933641
837,892.6999999999997,6,12565,0.1271600073109965
838,1011.8999999999994,6,13115,0.10783914599625032
839,1271.9999999999989,8,23836,0.1326721011964706
840,1031.2999999999981,6,13515,0.09579057185616958
841,1238.1999999999987,5,24111,0.12915981024450654
842,940.7999999999994,6,12685,0.12288952893248412
843,906.4999999999994,1,7816,0.09692601572150766
844,859.7999999999996,6,12446,0.12901264534234902
845,1222.0999999999979,5,24089,0.13066338686157175
846,1212.7999999999993,8,23653,0.15056124153772124
847,645.7000000000002,1,6786,0.14933459955794387
848,304.30000000000007,10,1176,0.08958893765739485
849,558.7,9,5007,0.12214094396450505
850,872.4999999999993,1,8212,0.07419694852068287
851,855.1999999999991,1,7026,0.11666523864800607
852,1452.4999999999982,8,24853,0.12693778040480222
853,733.6999999999997,1,7039,0.13071488767473055
854,1165.899999999999,5,23871,0.1453996548942838
855,910.6999999999995,6,12639,0.12328102032212855
856,1271.3999999999971,8,23890,0.13571734607368632
857,732.2,0,7456,0.10745522059044126
858,700.5000000000001,1,6855,0.13032092628348146
859,693.6999999999999,0,7186,0.12190814284010411
860,667.0000000000002,9,5078,0.14627360689194527
861,939.4999999999997,6,12625,0.1241734468410583
862,941.8999999999993,6,12633,0.12709507360858657
863,1218.3999999999985,5,23981,0.1354892457911299
864,902.7999999999993,6,12609,0.12549615269349143
865,970.1999999999999,6,12619,0.13057772577051513
866,1214.6999999999998,8,23654,0.14978814133424428
867,875.0,1,7329,0.11595531404812426
868,624.6999999999998,9,5048,0.13606650581384253
869,770.6999999999999,1,7015,0.11903683443958994
870,696.7999999999997,0,7227,0.1291650409536203
871,1259.6999999999982,5,24084,0.12835684136248363
872,1182.4999999999993,5,23871,0.1459666803482758
873,1248.599999999999,5,24004,0.13720567529210118
874,1267.2999999999984,5,24004,0.13827478829397927
875,1255.1999999999982,5,24004,0.13763322553648422
876,796.3999999999997,1,7026,0.11488156871107683
877,417.0000000000002,10,1436,0.0807589702203512
878,1350.2999999999975,5,24676,0.1181409798746156
879,821.3999999999996,6,12403,0.1412135889768282
880,1177.4999999999989,5,23895,0.13674978986846764
881,880.4999999999994,0,8568,0.08952212859905362
882,1219.6999999999987,8,23694,0.14504115536620102
883,798.0999999999993,1,7301,0.1071834065381313
884,989.5999999999995,6,12769,0.11049266708670652
885,274.7,10,1053,0.12458772786120319
886,946.7999999999994,1,8303,0.08967451584895607
887,1310.6999999999991,5,24674,0.11589244652216003
888,1220.7999999999984,5,23961,0.13547364152803082
889,1182.3999999999983,5,23896,0.14384878714936292
890,1259.4999999999989,5,24004,0.13763340265760182
891,1350.2999999999988,8,24373,0.1274145359088286
892,620.6000000000001,0,7140,0.14332016776873435
893,1369.3999999999971,8,24212,0.1230639109683751
894,1207.199999999997,5,23897,0.14216855250364627
895,1321.0999999999974,5,24424,0.11951832747203461
896,1057.6999999999987,6,13542,0.09554627198728328
897,1218.9999999999984,5,23946,0.1356426176866632
898,91.60000000000001,9,190,0.14075952726011043
899,602.6000000000004,9,5138,0.11768609451940014
900,1197.3999999999985,8,23653,0.14923716535547832
901,286.4,10,1055,0.11462651846337095
902,1193.8999999999987,6,16665,0.08495478603773539
903,1262.5999999999988,5,24004,0.13819334943632758
904,1010.1999999999995,0,11327,0.0772487767168236
905,840.5999999999997,6,12407,0.14284597360521356
906,1197.8999999999987,5,23876,0.14572516387061996
907,602.1,9,4993,0.14481722954059628
908,654.2999999999998,9,5077,0.1410419805833226
909,1363.499999999998,5,24679,0.10698624074637614
910,1302.5999999999983,8,23827,0.12640619087081992
911,1281.6999999999975,8,23854,0.12971454185954417
912,1091.999999999999,0,12355,0.0642459088063234
913,1327.2999999999981,8,24014,0.12564404054550057
914,1169.6999999999975,8,23680,0.14127922714355295
915,1183.1999999999987,0,13444,0.06254819949842451
916,933.3999999999996,6,12619,0.12850325915305008
917,709.1,9,5160,0.13072838074252258
918,1239.2,8,23653,0.15316467058198568
919,1188.4999999999995,8,23653,0.14913035582022785
920,1414.6999999999978,8,24373,0.11945265736748262
921,668.2,9,4998,0.1288739564928594
922,815.6999999999996,1,7398,0.0994431409789073
923,1459.6999999999978,8,24836,0.10344190276155826
924,647.5000000000002,10,5173,0.08017407295021482
925,1382.4999999999986,8,24326,0.14125481107099477
926,940.3999999999997,1,9026,0.07535870392422435
927,802.5999999999992,1,7761,0.08956406323913495
928,669.1000000000003,9,5326,0.11813824020452215
929,1218.2999999999977,5,23881,0.145804496711903
930,325.3000000000001,10,1218,0.08922170414584667
931,706.9,9,5150,0.1250539377008223
932,811.3999999999999,0,7838,0.10521757018923389
933,1200.2999999999995,8,23657,0.14533437026952337
934,786.7000000000002,0,7646,0.10586925538397986
935,1303.8999999999978,8,23870,0.12764430639195473
936,1463.1999999999978,8,25795,0.09752327204754013
937,1354.499999999998,8,24326,0.1404893164269303
938,750.8000000000003,1,6992,0.11945456985580791
939,621.1000000000003,9,5249,0.11406303154432551
940,1131.5999999999983,8,23653,0.14477231707977023
941,108.0,9,86,0.12741311153712262
942,1465.4999999999968,4,25013,0.101034279586263
943,1377.6999999999994,8,24061,0.11817344199175148
944,1200.3999999999985,6,16665,0.08482874961120597
945,1343.899999999998,5,24441,0.11749208189766606
946,1284.6999999999975,6,17306,0.07730778086510652
947,1185.7999999999981,6,16665,0.08447557872935599
948,1391.499999999998,5,25205,0.09462158799412906
949,928.8999999999995,0,8587,0.09129934820433104
950,802.8999999999996,0,8025,0.08760490821279662
951,1244.099999999999,5,23897,0.140892053499882
952,649.6999999999999,1,6786,0.14926810239054955
953,678.9000000000002,9,5084,0.14528515255703267
954,658.4000000000002,0,7168,0.14057857818768707
955,1300.7999999999986,5,24043,0.13394632233492662
956,1172.399999999999,5,23895,0.14106970911752847
957,400.4000000000003,10,1687,0.07008450310862925
958,1457.6999999999973,8,24434,0.13469200138635978
959,1333.7999999999984,8,24167,0.12006556614111483
960,297.10000000000014,10,1081,0.09927286244255835
961,947.3999999999995,6,12659,0.12346809469293908
962,852.0999999999996,6,12414,0.13889363827465495
963,724.8000000000003,10,6314,0.05513058019816416
964,968.5999999999991,6,13125,0.11158963857186344
965,752.4999999999998,1,7076,0.12275855908761754
966,202.1,9,118,0.12016772582380061
967,926.099999999999,6,12567,0.12021410605428888
968,1371.7999999999977,8,24260,0.13636930340911396
969,1181.5999999999988,5,23891,0.1403581171979887
970,1445.0999999999992,8,24454,0.14188206888490643
971,1290.699999999999,8,24405,0.11603791534318322
972,752.1999999999997,0,7489,0.09748722559175071
973,1289.1999999999982,5,23899,0.1427986703907675
974,648.9000000000002,1,6845,0.12404876691502956
975,635.2000000000003,9,5155,0.11848863922386535
976,1251.7999999999986,5,23897,0.1417778955625265
977,654.1999999999999,0,7144,0.13862067469578668
978,856.8999999999999,6,12500,0.13256749127832443
979,1302.0999999999976,8,23941,0.13997694179945452
980,845.8999999999993,0,8250,0.08495420564947183
981,1159.8999999999978,5,23871,0.14489875097702976
982,722.0999999999998,0,7430,0.11061366771638421
983,275.7000000000001,10,1063,0.11393502441058091
984,1265.699999999999,5,24059,0.13290580232349297
985,1328.6999999999994,8,24044,0.12819278040283866
986,828.9999999999999,0,7745,0.09773863058221624
987,1291.2999999999984,6,16748,0.08559160343308579
988,666.9999999999998,0,7210,0.1251481380882771
989,1398.7999999999968,5,24869,0.11082801591688064
990,1440.299999999998,5,24554,0.12891444675021727
991,1401.3999999999983,8,24413,0.12805540879185673
992,1234.299999999999,8,23808,0.12515040638318775
993,707.8,0,7236,0.12298162554119836
994,792.2999999999994,0,7792,0.10596482464518389
995,649.5000000000002,9,5056,0.1429438779555957
996,1325.3999999999985,8,24010,0.14045319176595225
997,1181.6999999999985,8,23653,0.14844184841621283
998,353.40000000000003,10,1230,0.07219954277939193
999,581.2000000000002,9,4977,0.13693436580916662
1000,565.9000000000005,9,4975,0.1369306656269949
